BuoyID,Year,Hour,Min,DOY,POS_DOY,Lat,Lon,Ts
300234064734090,2017,1.50,00,67.062,67.062,70.20031,-148.44876,24.27
300234064734090,2017,2.02,00,67.084,67.084,70.20035,-148.44878,18.17
300234064734090,2017,2.52,00,67.105,67.105,70.20037,-148.44869,16.73
300234064734090,2017,3.03,00,67.126,67.126,70.20039,-148.44869,15.78
300234064734090,2017,3.52,00,67.147,67.147,70.20063,-148.44859,14.93
300234064734090,2017,22.53,00,70.939,70.939,71.97828,-148.04277,-2.49
300234064734090,2017,23.00,00,70.958,70.958,71.97741,-148.03992,-4.71
300234064734090,2017,23.50,00,70.979,70.979,71.97659,-148.03706,-3.95
300234064734090,2017,0.00,00,71.000,71.000,71.97588,-148.03432,-4.35
300234064734090,2017,0.50,00,71.021,71.021,71.97527,-148.03175,34.97
300234064734090,2017,1.00,00,71.042,71.042,71.97474,-148.02919,34.99
300234064734090,2017,1.52,00,71.063,71.063,71.97437,-148.02690,33.59
300234064734090,2017,2.00,00,71.083,71.083,71.97437,-148.02396,32.14
300234064734090,2017,2.50,00,71.104,71.104,71.97430,-148.02042,31.58
300234064734090,2017,3.00,00,71.125,71.125,71.97410,-148.01767,30.92
300234064734090,2017,3.50,00,71.146,71.146,71.97384,-148.01523,30.43
300234064734090,2017,4.02,00,71.168,71.168,71.97357,-148.01280,30.02
300234064734090,2017,4.50,00,71.188,71.188,71.97327,-148.00998,29.58
300234064734090,2017,5.00,00,71.208,71.208,71.97275,-148.00725,29.27
300234064734090,2017,5.50,00,71.229,71.229,71.97207,-148.00470,28.83
300234064734090,2017,6.00,00,71.250,71.250,71.97120,-148.00227,28.44
300234064734090,2017,6.50,00,71.271,71.271,71.97023,-148.00008,28.28
300234064734090,2017,7.00,00,71.292,71.292,71.96915,-147.99795,28.95
300234064734090,2017,7.52,00,71.313,71.313,71.96793,-147.99605,29.73
300234064734090,2017,8.00,00,71.333,71.333,71.96643,-147.99438,30.54
300234064734090,2017,8.50,00,71.354,71.354,71.96499,-147.99330,30.94
300234064734090,2017,9.00,00,71.375,71.375,71.96351,-147.99229,31.05
300234064734090,2017,9.50,00,71.396,71.396,71.96206,-147.99162,31.01
300234064734090,2017,10.02,00,71.418,71.418,71.96079,-147.99123,30.86
300234064734090,2017,10.50,00,71.438,71.438,71.95963,-147.99077,30.66
300234064734090,2017,11.00,00,71.458,71.458,71.95863,-147.99037,30.26
300234064734090,2017,11.50,00,71.479,71.479,71.95783,-147.98981,29.56
300234064734090,2017,12.00,00,71.500,71.500,71.95721,-147.98912,29.01
300234064734090,2017,12.50,00,71.521,71.521,71.95670,-147.98825,28.56
300234064734090,2017,13.00,00,71.542,71.542,71.95624,-147.98702,27.62
300234064734090,2017,13.50,00,71.562,71.562,71.95583,-147.98543,27.16
300234064734090,2017,14.02,00,71.584,71.584,71.95555,-147.98389,26.74
300234064734090,2017,14.50,00,71.604,71.604,71.95532,-147.98273,26.89
300234064734090,2017,15.00,00,71.625,71.625,71.95507,-147.98108,26.98
300234064734090,2017,15.50,00,71.646,71.646,71.95480,-147.97958,26.99
300234064734090,2017,16.00,00,71.667,71.667,71.95461,-147.97794,27.05
300234064734090,2017,16.50,00,71.688,71.688,71.95445,-147.97673,27.12
300234064734090,2017,17.00,00,71.708,71.708,71.95430,-147.97607,27.13
300234064734090,2017,17.50,00,71.729,71.729,71.95419,-147.97513,27.10
300234064734090,2017,18.02,00,71.751,71.751,71.95416,-147.97487,27.11
300234064734090,2017,18.50,00,71.771,71.771,71.95418,-147.97475,27.05
300234064734090,2017,19.00,00,71.792,71.792,71.95396,-147.97473,26.91
300234064734090,2017,19.50,00,71.812,71.812,71.95393,-147.97476,26.89
300234064734090,2017,20.00,00,71.833,71.833,71.95393,-147.97475,27.17
300234064734090,2017,20.50,00,71.854,71.854,71.95396,-147.97470,28.36
300234064734090,2017,21.00,00,71.875,71.875,71.95394,-147.97466,28.52
300234064734090,2017,21.52,00,71.897,71.897,71.95393,-147.97461,29.55
300234064734090,2017,22.00,00,71.917,71.917,71.95393,-147.97456,29.68
300234064734090,2017,22.50,00,71.938,71.938,71.95381,-147.97400,30.45
300234064734090,2017,23.00,00,71.958,71.958,71.95377,-147.97067,29.72
300234064734090,2017,23.50,00,71.979,71.979,71.95371,-147.96742,30.03
300234064734090,2017,0.02,00,72.001,72.001,71.95363,-147.96326,30.22
300234064734090,2017,0.50,00,72.021,72.021,71.95359,-147.95918,28.33
300234064734090,2017,1.00,00,72.042,72.042,71.95331,-147.95480,27.94
300234064734090,2017,1.50,00,72.062,72.062,71.95309,-147.95212,27.44
300234064734090,2017,2.00,00,72.083,72.083,71.95307,-147.94887,25.14
300234064734090,2017,2.50,00,72.104,72.104,71.95324,-147.94601,24.12
300234064734090,2017,3.00,00,72.125,72.125,71.95305,-147.94321,23.46
300234064734090,2017,3.52,00,72.147,72.147,71.95289,-147.94087,22.91
300234064734090,2017,4.00,00,72.167,72.167,71.95267,-147.93913,22.44
300234064734090,2017,4.50,00,72.188,72.188,71.95252,-147.93687,22.07
300234064734090,2017,5.00,00,72.208,72.208,71.95238,-147.93510,21.74
300234064734090,2017,5.50,00,72.229,72.229,71.95229,-147.93355,21.53
300234064734090,2017,6.02,00,72.251,72.251,71.95223,-147.93208,21.40
300234064734090,2017,6.50,00,72.271,72.271,71.95215,-147.93109,21.27
300234064734090,2017,7.00,00,72.292,72.292,71.95216,-147.93004,21.16
300234064734090,2017,7.50,00,72.312,72.312,71.95213,-147.92940,21.01
300234064734090,2017,8.00,00,72.333,72.333,71.95203,-147.92831,20.73
300234064734090,2017,8.50,00,72.354,72.354,71.95209,-147.92723,20.51
300234064734090,2017,9.00,00,72.375,72.375,71.95206,-147.92609,20.33
300234064734090,2017,9.52,00,72.397,72.397,71.95199,-147.92509,20.28
300234064734090,2017,10.00,00,72.417,72.417,71.95200,-147.92491,20.18
300234064734090,2017,10.50,00,72.438,72.438,71.95200,-147.92484,20.11
300234064734090,2017,11.00,00,72.458,72.458,71.95202,-147.92476,19.98
300234064734090,2017,11.50,00,72.479,72.479,71.95201,-147.92471,19.85
300234064734090,2017,12.02,00,72.501,72.501,71.95203,-147.92435,19.66
300234064734090,2017,12.50,00,72.521,72.521,71.95197,-147.92452,19.42
300234064734090,2017,13.00,00,72.542,72.542,71.95202,-147.92409,19.16
300234064734090,2017,13.50,00,72.562,72.562,71.95183,-147.92317,18.94
300234064734090,2017,14.00,00,72.583,72.583,71.95149,-147.92168,18.85
300234064734090,2017,14.50,00,72.604,72.604,71.95124,-147.92038,18.76
300234064734090,2017,15.00,00,72.625,72.625,71.95094,-147.91933,18.76
300234064734090,2017,15.52,00,72.647,72.647,71.95056,-147.91740,18.70
300234064734090,2017,16.00,00,72.667,72.667,71.95013,-147.91568,18.54
300234064734090,2017,16.50,00,72.688,72.688,71.94968,-147.91330,18.45
300234064734090,2017,17.00,00,72.708,72.708,71.94930,-147.91141,18.38
300234064734090,2017,17.50,00,72.729,72.729,71.94867,-147.90881,18.39
300234064734090,2017,18.02,00,72.751,72.751,71.94823,-147.90633,18.51
300234064734090,2017,18.50,00,72.771,72.771,71.94795,-147.90460,18.68
300234064734090,2017,19.00,00,72.792,72.792,71.94777,-147.90329,18.97
300234064734090,2017,19.50,00,72.812,72.812,71.94762,-147.90224,19.24
300234064734090,2017,20.00,00,72.833,72.833,71.94735,-147.90059,20.08
300234064734090,2017,20.50,00,72.854,72.854,71.94698,-147.89816,21.18
300234064734090,2017,21.00,00,72.875,72.875,71.94671,-147.89523,22.23
300234064734090,2017,21.52,00,72.897,72.897,71.94651,-147.89183,22.88
300234064734090,2017,22.00,00,72.917,72.917,71.94639,-147.88832,23.18
300234064734090,2017,22.50,00,72.938,72.938,71.94614,-147.88483,23.85
300234064734090,2017,22.50,00,72.938,72.938,71.94614,-147.88483,19.90
300234064734090,2017,23.02,00,72.959,72.959,71.94582,-147.88117,-999.00
300234064734090,2017,23.50,00,72.979,72.979,71.94545,-147.87753,-999.00
300234064734090,2017,0.02,00,73.001,73.001,71.94512,-147.87361,-999.00
300234064734090,2017,0.50,00,73.021,73.021,71.94479,-147.87013,-999.00
300234064734090,2017,1.00,00,73.042,73.042,71.94450,-147.86658,-999.00
300234064734090,2017,1.50,00,73.062,73.062,71.94439,-147.86362,-999.00
300234064734090,2017,2.00,00,73.083,73.083,71.94426,-147.86148,-999.00
300234064734090,2017,2.50,00,73.104,73.104,71.94374,-147.85847,-999.00
300234064734090,2017,3.00,00,73.125,73.125,71.94335,-147.85590,-999.00
300234064734090,2017,3.52,00,73.147,73.147,71.94315,-147.85365,-999.00
300234064734090,2017,4.00,00,73.167,73.167,71.94302,-147.85200,-999.00
300234064734090,2017,4.50,00,73.188,73.188,71.94292,-147.84998,-999.00
300234064734090,2017,5.00,00,73.208,73.208,71.94267,-147.84755,-999.00
300234064734090,2017,5.50,00,73.229,73.229,71.94247,-147.84551,-999.00
300234064734090,2017,6.02,00,73.251,73.251,71.94235,-147.84349,-999.00
300234064734090,2017,6.50,00,73.271,73.271,71.94222,-147.84111,-999.00
300234064734090,2017,7.00,00,73.292,73.292,71.94217,-147.83824,-999.00
300234064734090,2017,7.50,00,73.312,73.312,71.94206,-147.83484,-999.00
300234064734090,2017,8.00,00,73.333,73.333,71.94198,-147.83197,-999.00
300234064734090,2017,8.50,00,73.354,73.354,71.94209,-147.83008,-999.00
300234064734090,2017,9.00,00,73.375,73.375,71.94198,-147.82797,-999.00
300234064734090,2017,9.52,00,73.397,73.397,71.94184,-147.82588,-999.00
300234064734090,2017,10.00,00,73.417,73.417,71.94176,-147.82367,-999.00
300234064734090,2017,10.50,00,73.438,73.438,71.94166,-147.82176,-999.00
300234064734090,2017,11.00,00,73.458,73.458,71.94157,-147.82005,-999.00
300234064734090,2017,11.50,00,73.479,73.479,71.94150,-147.81792,-999.00
300234064734090,2017,12.02,00,73.501,73.501,71.94144,-147.81555,-999.00
300234064734090,2017,12.50,00,73.521,73.521,71.94133,-147.81403,-999.00
300234064734090,2017,13.00,00,73.542,73.542,71.94139,-147.81233,-999.00
300234064734090,2017,13.50,00,73.562,73.562,71.94133,-147.81117,-999.00
300234064734090,2017,14.00,00,73.583,73.583,71.94127,-147.81027,-999.00
300234064734090,2017,14.50,00,73.604,73.604,71.94124,-147.80997,-999.00
300234064734090,2017,15.00,00,73.625,73.625,71.94120,-147.80986,-999.00
300234064734090,2017,15.50,00,73.646,73.646,71.94122,-147.80992,-999.00
300234064734090,2017,16.02,00,73.668,73.668,71.94115,-147.80978,-999.00
300234064734090,2017,16.50,00,73.688,73.688,71.94119,-147.80986,-999.00
300234064734090,2017,17.00,00,73.708,73.708,71.94118,-147.80988,-999.00
300234064734090,2017,17.50,00,73.729,73.729,71.94119,-147.80984,-999.00
300234064734090,2017,18.00,00,73.750,73.750,71.94115,-147.80981,-999.00
300234064734090,2017,18.50,00,73.771,73.771,71.94112,-147.80974,-999.00
300234064734090,2017,19.00,00,73.792,73.792,71.94112,-147.80968,-999.00
300234064734090,2017,19.52,00,73.813,73.813,71.94111,-147.80966,-999.00
300234064734090,2017,20.00,00,73.833,73.833,71.94108,-147.80957,-999.00
300234064734090,2017,20.50,00,73.854,73.854,71.94106,-147.80954,-999.00
300234064734090,2017,21.00,00,73.875,73.875,71.94106,-147.80953,-999.00
300234064734090,2017,21.52,00,73.897,73.897,71.94103,-147.80946,-999.00
300234064734090,2017,22.00,00,73.917,73.917,71.94103,-147.80948,-999.00
300234064734090,2017,23.02,00,73.959,73.959,71.94102,-147.80945,-999.00
300234064734090,2017,0.02,00,74.001,74.001,71.94093,-147.80936,-999.00
300234064734090,2017,1.00,00,74.042,74.042,71.94090,-147.80946,-999.00
300234064734090,2017,2.00,00,74.083,74.083,71.94078,-147.80930,-999.00
300234064734090,2017,3.00,00,74.125,74.125,71.94070,-147.80933,-999.00
300234064734090,2017,4.02,00,74.168,74.168,71.94067,-147.80934,-999.00
300234064734090,2017,5.00,00,74.208,74.208,71.94063,-147.80937,-999.00
300234064734090,2017,6.00,00,74.250,74.250,71.94057,-147.80936,-999.00
300234064734090,2017,7.00,00,74.292,74.292,71.94052,-147.80930,-999.00
300234064734090,2017,8.02,00,74.334,74.334,71.94050,-147.80928,-999.00
300234064734090,2017,9.00,00,74.375,74.375,71.94061,-147.80927,-999.00
300234064734090,2017,10.00,00,74.417,74.417,71.94056,-147.80930,-999.00
300234064734090,2017,11.00,00,74.458,74.458,71.94056,-147.80940,-999.00
300234064734090,2017,12.02,00,74.501,74.501,71.94051,-147.80925,-999.00
300234064734090,2017,13.00,00,74.542,74.542,71.94054,-147.80937,-999.00
300234064734090,2017,14.00,00,74.583,74.583,71.94057,-147.80913,-999.00
300234064734090,2017,15.00,00,74.625,74.625,71.94048,-147.80922,-999.00
300234064734090,2017,16.02,00,74.668,74.668,71.94051,-147.80922,-999.00
300234064734090,2017,17.00,00,74.708,74.708,71.94052,-147.80945,-999.00
300234064734090,2017,18.00,00,74.750,74.750,71.94052,-147.80925,-999.00
300234064734090,2017,19.00,00,74.792,74.792,71.94053,-147.80913,-999.00
300234064734090,2017,20.02,00,74.834,74.834,71.94052,-147.80911,-999.00
300234064734090,2017,21.00,00,74.875,74.875,71.94049,-147.80939,-999.00
300234064734090,2017,22.00,00,74.917,74.917,71.94052,-147.80902,-999.00
300234064734090,2017,23.03,00,74.960,74.960,71.94052,-147.80896,-999.00
300234064734090,2017,0.00,00,75.000,75.000,71.94059,-147.80898,-999.00
300234064734090,2017,1.00,00,75.042,75.042,71.94058,-147.80893,-999.00
300234064734090,2017,2.02,00,75.084,75.084,71.94054,-147.80893,-999.00
300234064734090,2017,3.00,00,75.125,75.125,71.94049,-147.80916,-999.00
300234064734090,2017,4.00,00,75.167,75.167,71.94068,-147.80924,-999.00
300234064734090,2017,5.00,00,75.208,75.208,71.94061,-147.80917,-999.00
300234064734090,2017,6.02,00,75.251,75.251,71.94054,-147.80891,-999.00
300234064734090,2017,7.00,00,75.292,75.292,71.94062,-147.80888,-999.00
300234064734090,2017,8.00,00,75.333,75.333,71.94060,-147.80890,-999.00
300234064734090,2017,9.00,00,75.375,75.375,71.94062,-147.80881,-999.00
300234064734090,2017,10.02,00,75.418,75.418,71.94061,-147.80870,-999.00
300234064734090,2017,11.00,00,75.458,75.458,71.94070,-147.80876,-999.00
300234064734090,2017,12.00,00,75.500,75.500,71.94065,-147.80873,-999.00
300234064734090,2017,13.00,00,75.542,75.542,71.94070,-147.80856,-999.00
300234064734090,2017,14.02,00,75.584,75.584,71.94074,-147.80852,-999.00
300234064734090,2017,15.00,00,75.625,75.625,71.94076,-147.80878,-999.00
300234064734090,2017,16.00,00,75.667,75.667,71.94080,-147.80861,-999.00
300234064734090,2017,17.00,00,75.708,75.708,71.94086,-147.80847,-999.00
300234064734090,2017,18.02,00,75.751,75.751,71.94090,-147.80838,-999.00
300234064734090,2017,19.00,00,75.792,75.792,71.94094,-147.80835,-999.00
300234064734090,2017,20.00,00,75.833,75.833,71.94111,-147.80824,-999.00
300234064734090,2017,21.02,00,75.876,75.876,71.94135,-147.80782,-999.00
300234064734090,2017,22.00,00,75.917,75.917,71.94163,-147.80748,-999.00
300234064734090,2017,23.02,00,75.959,75.959,71.94192,-147.80690,-999.00
300234064734090,2017,0.02,00,76.001,76.001,71.94195,-147.80681,-999.00
300234064734090,2017,1.00,00,76.042,76.042,71.94201,-147.80692,-999.00
300234064734090,2017,2.00,00,76.083,76.083,71.94202,-147.80708,-999.00
300234064734090,2017,3.02,00,76.126,76.126,71.94198,-147.80704,-999.00
300234064734090,2017,4.00,00,76.167,76.167,71.94200,-147.80714,-999.00
300234064734090,2017,5.00,00,76.208,76.208,71.94213,-147.80733,-999.00
300234064734090,2017,6.02,00,76.251,76.251,71.94200,-147.80711,-999.00
300234064734090,2017,7.00,00,76.292,76.292,71.94209,-147.80707,-999.00
300234064734090,2017,8.00,00,76.333,76.333,71.94207,-147.80714,-999.00
300234064734090,2017,9.00,00,76.375,76.375,71.94209,-147.80708,-999.00
300234064734090,2017,10.02,00,76.418,76.418,71.94205,-147.80705,-999.00
300234064734090,2017,11.00,00,76.458,76.458,71.94210,-147.80716,-999.00
300234064734090,2017,12.00,00,76.500,76.500,71.94212,-147.80722,-999.00
300234064734090,2017,13.00,00,76.542,76.542,71.94212,-147.80722,-999.00
300234064734090,2017,14.02,00,76.584,76.584,71.94208,-147.80731,-999.00
300234064734090,2017,15.00,00,76.625,76.625,71.94202,-147.80759,-999.00
300234064734090,2017,16.00,00,76.667,76.667,71.94202,-147.80745,-999.00
300234064734090,2017,17.00,00,76.708,76.708,71.94202,-147.80733,-999.00
300234064734090,2017,18.02,00,76.751,76.751,71.94204,-147.80728,-999.00
300234064734090,2017,19.00,00,76.792,76.792,71.94209,-147.80721,-999.00
300234064734090,2017,20.00,00,76.833,76.833,71.94211,-147.80727,-999.00
300234064734090,2017,21.02,00,76.876,76.876,71.94207,-147.80714,-999.00
300234064734090,2017,22.00,00,76.917,76.917,71.94212,-147.80724,-999.00
300234064734090,2017,23.02,00,76.959,76.959,71.94209,-147.80724,-999.00
300234064734090,2017,0.02,00,77.001,77.001,71.94205,-147.80716,-999.00
300234064734090,2017,1.00,00,77.042,77.042,71.94206,-147.80718,-999.00
300234064734090,2017,2.00,00,77.083,77.083,71.94202,-147.80733,-999.00
300234064734090,2017,3.02,00,77.126,77.126,71.94196,-147.80733,-999.00
300234064734090,2017,4.00,00,77.167,77.167,71.94198,-147.80734,-999.00
300234064734090,2017,5.00,00,77.208,77.208,71.94200,-147.80745,-999.00
300234064734090,2017,6.02,00,77.251,77.251,71.94194,-147.80736,-999.00
300234064734090,2017,7.00,00,77.292,77.292,71.94202,-147.80739,-999.00
300234064734090,2017,8.00,00,77.333,77.333,71.94199,-147.80743,-999.00
300234064734090,2017,9.00,00,77.375,77.375,71.94198,-147.80740,-999.00
300234064734090,2017,10.02,00,77.418,77.418,71.94194,-147.80740,-999.00
300234064734090,2017,11.00,00,77.458,77.458,71.94196,-147.80753,-999.00
300234064734090,2017,12.00,00,77.500,77.500,71.94193,-147.80751,-999.00
300234064734090,2017,13.00,00,77.542,77.542,71.94193,-147.80740,-999.00
300234064734090,2017,14.02,00,77.584,77.584,71.94192,-147.80742,-999.00
300234064734090,2017,15.00,00,77.625,77.625,71.94195,-147.80765,-999.00
300234064734090,2017,16.00,00,77.667,77.667,71.94192,-147.80760,-999.00
300234064734090,2017,17.00,00,77.708,77.708,71.94191,-147.80753,-999.00
300234064734090,2017,18.02,00,77.751,77.751,71.94190,-147.80747,-999.00
300234064734090,2017,19.00,00,77.792,77.792,71.94188,-147.80751,-999.00
300234064734090,2017,20.00,00,77.833,77.833,71.94190,-147.80751,-999.00
300234064734090,2017,21.00,00,77.875,77.875,71.94191,-147.80734,-999.00
300234064734090,2017,22.02,00,77.918,77.918,71.94190,-147.80749,-999.00
300234064734090,2017,23.02,00,77.959,77.959,71.94193,-147.80768,-999.00
300234064734090,2017,0.00,00,78.000,78.000,71.94193,-147.80762,-999.00
300234064734090,2017,1.02,00,78.043,78.043,71.94188,-147.80749,-999.00
300234064734090,2017,2.00,00,78.083,78.083,71.94197,-147.80766,-999.00
300234064734090,2017,3.00,00,78.125,78.125,71.94199,-147.80775,-999.00
300234064734090,2017,4.02,00,78.168,78.168,71.94190,-147.80756,-999.00
300234064734090,2017,5.00,00,78.208,78.208,71.94202,-147.80782,-999.00
300234064734090,2017,6.00,00,78.250,78.250,71.94198,-147.80769,-999.00
300234064734090,2017,7.02,00,78.293,78.293,71.94190,-147.80757,-999.00
300234064734090,2017,8.00,00,78.333,78.333,71.94186,-147.80771,-999.00
300234064734090,2017,9.00,00,78.375,78.375,71.94192,-147.80745,-999.00
300234064734090,2017,10.02,00,78.418,78.418,71.94190,-147.80759,-999.00
300234064734090,2017,11.00,00,78.458,78.458,71.94192,-147.80771,-999.00
300234064734090,2017,12.00,00,78.500,78.500,71.94189,-147.80765,-999.00
300234064734090,2017,13.00,00,78.542,78.542,71.94184,-147.80745,-999.00
300234064734090,2017,14.02,00,78.584,78.584,71.94192,-147.80762,-999.00
300234064734090,2017,15.00,00,78.625,78.625,71.94192,-147.80782,-999.00
300234064734090,2017,16.00,00,78.667,78.667,71.94192,-147.80777,-999.00
300234064734090,2017,17.00,00,78.708,78.708,71.94190,-147.80772,-999.00
300234064734090,2017,18.02,00,78.751,78.751,71.94177,-147.80865,-999.00
300234064734090,2017,19.00,00,78.792,78.792,71.94182,-147.81023,-999.00
300234064734090,2017,20.00,00,78.833,78.833,71.94198,-147.81177,-999.00
300234064734090,2017,21.00,00,78.875,78.875,71.94217,-147.81558,-999.00
300234064734090,2017,22.02,00,78.918,78.918,71.94240,-147.81560,-999.00
300234064734090,2017,23.02,00,78.959,78.959,71.94270,-147.81789,-999.00
300234064734090,2017,0.00,00,79.000,79.000,71.94296,-147.82001,-999.00
300234064734090,2017,1.00,00,79.042,79.042,71.94318,-147.82214,-999.00
300234064734090,2017,2.02,00,79.084,79.084,71.94337,-147.82423,-999.00
300234064734090,2017,3.00,00,79.125,79.125,71.94387,-147.82663,-999.00
300234064734090,2017,4.00,00,79.167,79.167,71.94382,-147.82790,-999.00
300234064734090,2017,5.02,00,79.209,79.209,71.94392,-147.82875,-999.00
300234064734090,2017,6.00,00,79.250,79.250,71.94383,-147.82967,-999.00
300234064734090,2017,7.00,00,79.292,79.292,71.94383,-147.82965,-999.00
300234064734090,2017,8.02,00,79.334,79.334,71.94377,-147.82956,-999.00
300234064734090,2017,9.00,00,79.375,79.375,71.94380,-147.82982,-999.00
300234064734090,2017,10.00,00,79.417,79.417,71.94383,-147.82979,-999.00
300234064734090,2017,11.00,00,79.458,79.458,71.94374,-147.82964,-999.00
300234064734090,2017,12.02,00,79.501,79.501,71.94373,-147.82951,-999.00
300234064734090,2017,13.00,00,79.542,79.542,71.94369,-147.82948,-999.00
300234064734090,2017,14.00,00,79.583,79.583,71.94356,-147.82886,-999.00
300234064734090,2017,15.00,00,79.625,79.625,71.94343,-147.82791,-999.00
300234064734090,2017,16.02,00,79.668,79.668,71.94300,-147.82538,-999.00
300234064734090,2017,17.00,00,79.708,79.708,71.94257,-147.82170,-999.00
300234064734090,2017,18.00,00,79.750,79.750,71.94216,-147.81644,-999.00
300234064734090,2017,19.02,00,79.793,79.793,71.94190,-147.81030,-999.00
300234064734090,2017,20.00,00,79.833,79.833,71.94190,-147.80376,-999.00
300234064734090,2017,21.00,00,79.875,79.875,71.94245,-147.79921,-999.00
300234064734090,2017,22.02,00,79.918,79.918,71.94326,-147.79549,-999.00
300234064734090,2017,23.02,00,79.959,79.959,71.94454,-147.79164,-999.00
300234064734090,2017,0.00,00,80.000,80.000,71.94569,-147.78461,-999.00
300234064734090,2017,1.00,00,80.042,80.042,71.94693,-147.77751,-999.00
300234064734090,2017,2.02,00,80.084,80.084,71.94779,-147.77281,-999.00
300234064734090,2017,3.00,00,80.125,80.125,71.94846,-147.76973,-999.00
300234064734090,2017,4.00,00,80.167,80.167,71.94920,-147.76779,-999.00
300234064734090,2017,5.00,00,80.208,80.208,71.94933,-147.76596,-999.00
300234064734090,2017,6.02,00,80.251,80.251,71.94900,-147.76381,-999.00
300234064734090,2017,7.00,00,80.292,80.292,71.94887,-147.76196,-999.00
300234064734090,2017,8.00,00,80.333,80.333,71.94884,-147.76176,-999.00
300234064734090,2017,9.02,00,80.376,80.376,71.94876,-147.76166,-999.00
300234064734090,2017,10.00,00,80.417,80.417,71.94873,-147.76155,-999.00
300234064734090,2017,11.00,00,80.458,80.458,71.94855,-147.76170,-999.00
300234064734090,2017,12.02,00,80.501,80.501,71.94819,-147.76079,-999.00
300234064734090,2017,13.00,00,80.542,80.542,71.94768,-147.75946,-999.00
300234064734090,2017,14.00,00,80.583,80.583,71.94720,-147.75847,-999.00
300234064734090,2017,15.00,00,80.625,80.625,71.94673,-147.75742,-999.00
300234064734090,2017,16.02,00,80.668,80.668,71.94637,-147.75648,-999.00
300234064734090,2017,17.00,00,80.708,80.708,71.94646,-147.75650,-999.00
300234064734090,2017,18.00,00,80.750,80.750,71.94644,-147.75638,-999.00
300234064734090,2017,19.02,00,80.793,80.793,71.94647,-147.75633,-999.00
300234064734090,2017,20.00,00,80.833,80.833,71.94651,-147.75641,-999.00
300234064734090,2017,21.00,00,80.875,80.875,71.94653,-147.75618,-999.00
300234064734090,2017,22.02,00,80.918,80.918,71.94664,-147.75473,-999.00
300234064734090,2017,23.02,00,80.959,80.959,71.94686,-147.75215,-999.00
300234064734090,2017,0.00,00,81.000,81.000,71.94703,-147.75044,-999.00
300234064734090,2017,1.00,00,81.042,81.042,71.94707,-147.75026,-999.00
300234064734090,2017,2.02,00,81.084,81.084,71.94705,-147.75017,-999.00
300234064734090,2017,3.00,00,81.125,81.125,71.94698,-147.75034,-999.00
300234064734090,2017,4.00,00,81.167,81.167,71.94720,-147.75035,-999.00
300234064734090,2017,5.00,00,81.208,81.208,71.94726,-147.75034,-999.00
300234064734090,2017,6.02,00,81.251,81.251,71.94714,-147.75024,-999.00
300234064734090,2017,7.00,00,81.292,81.292,71.94722,-147.75023,-999.00
300234064734090,2017,8.00,00,81.333,81.333,71.94729,-147.75027,-999.00
300234064734090,2017,9.02,00,81.376,81.376,71.94722,-147.75027,-999.00
300234064734090,2017,10.00,00,81.417,81.417,71.94730,-147.75034,-999.00
300234064734090,2017,11.00,00,81.458,81.458,71.94731,-147.75035,-999.00
300234064734090,2017,12.02,00,81.501,81.501,71.94724,-147.75032,-999.00
300234064734090,2017,13.00,00,81.542,81.542,71.94729,-147.75058,-999.00
300234064734090,2017,14.00,00,81.583,81.583,71.94734,-147.75047,-999.00
300234064734090,2017,15.00,00,81.625,81.625,71.94737,-147.75063,-999.00
300234064734090,2017,16.02,00,81.668,81.668,71.94734,-147.75049,-999.00
300234064734090,2017,17.00,00,81.708,81.708,71.94740,-147.75063,-999.00
300234064734090,2017,18.00,00,81.750,81.750,71.94741,-147.75055,-999.00
300234064734090,2017,19.02,00,81.793,81.793,71.94742,-147.75058,-999.00
300234064734090,2017,20.00,00,81.833,81.833,71.94743,-147.75073,-999.00
300234064734090,2017,21.00,00,81.875,81.875,71.94744,-147.75064,-999.00
300234064734090,2017,22.02,00,81.918,81.918,71.94743,-147.75063,-999.00
300234064734090,2017,23.02,00,81.959,81.959,71.94743,-147.75078,-999.00
300234064734090,2017,0.00,00,82.000,82.000,71.94741,-147.75072,-999.00
300234064734090,2017,1.00,00,82.042,82.042,71.94737,-147.75060,-999.00
300234064734090,2017,2.02,00,82.084,82.084,71.94730,-147.75066,-999.00
300234064734090,2017,3.00,00,82.125,82.125,71.94720,-147.75079,-999.00
300234064734090,2017,4.00,00,82.167,82.167,71.94733,-147.75069,-999.00
300234064734090,2017,5.00,00,82.208,82.208,71.94738,-147.75085,-999.00
300234064734090,2017,6.02,00,82.251,82.251,71.94727,-147.75072,-999.00
300234064734090,2017,7.00,00,82.292,82.292,71.94733,-147.75079,-999.00
300234064734090,2017,8.00,00,82.333,82.333,71.94737,-147.75084,-999.00
300234064734090,2017,9.02,00,82.376,82.376,71.94728,-147.75081,-999.00
300234064734090,2017,10.00,00,82.417,82.417,71.94737,-147.75085,-999.00
300234064734090,2017,11.00,00,82.458,82.458,71.94734,-147.75079,-999.00
300234064734090,2017,12.02,00,82.501,82.501,71.94725,-147.75073,-999.00
300234064734090,2017,13.00,00,82.542,82.542,71.94720,-147.75084,-999.00
300234064734090,2017,14.00,00,82.583,82.583,71.94730,-147.75078,-999.00
300234064734090,2017,15.00,00,82.625,82.625,71.94733,-147.75085,-999.00
300234064734090,2017,16.02,00,82.668,82.668,71.94730,-147.75069,-999.00
300234064734090,2017,17.00,00,82.708,82.708,71.94740,-147.75078,-999.00
300234064734090,2017,18.00,00,82.750,82.750,71.94740,-147.75075,-999.00
300234064734090,2017,19.02,00,82.793,82.793,71.94748,-147.75076,-999.00
300234064734090,2017,20.00,00,82.833,82.833,71.94764,-147.75096,-999.00
300234064734090,2017,21.02,00,82.876,82.876,71.94765,-147.75078,-999.00
300234064734090,2017,22.00,00,82.917,82.917,71.94775,-147.75069,-999.00
300234064734090,2017,23.02,00,82.959,82.959,71.94778,-147.75078,-999.00
300234064734090,2017,0.02,00,83.001,83.001,71.94764,-147.75055,-999.00
300234064734090,2017,1.00,00,83.042,83.042,71.94759,-147.75035,-999.00
300234064734090,2017,2.00,00,83.083,83.083,71.94744,-147.75032,-999.00
300234064734090,2017,3.02,00,83.126,83.126,71.94728,-147.75030,-999.00
300234064734090,2017,4.00,00,83.167,83.167,71.94725,-147.75047,-999.00
300234064734090,2017,5.00,00,83.208,83.208,71.94722,-147.75040,-999.00
300234064734090,2017,6.02,00,83.251,83.251,71.94712,-147.75018,-999.00
300234064734090,2017,7.00,00,83.292,83.292,71.94713,-147.75024,-999.00
300234064734090,2017,8.00,00,83.333,83.333,71.94712,-147.75024,-999.00
300234064734090,2017,9.02,00,83.376,83.376,71.94702,-147.75015,-999.00
300234064734090,2017,10.00,00,83.417,83.417,71.94707,-147.75024,-999.00
300234064734090,2017,11.00,00,83.458,83.458,71.94693,-147.75027,-999.00
300234064734090,2017,12.02,00,83.501,83.501,71.94678,-147.75003,-999.00
300234064734090,2017,13.00,00,83.542,83.542,71.94679,-147.75000,-999.00
300234064734090,2017,14.00,00,83.583,83.583,71.94675,-147.74991,-999.00
300234064734090,2017,15.00,00,83.625,83.625,71.94675,-147.74995,-999.00
300234064734090,2017,16.02,00,83.668,83.668,71.94677,-147.74985,-999.00
300234064734090,2017,17.00,00,83.708,83.708,71.94680,-147.74989,-999.00
300234064734090,2017,18.00,00,83.750,83.750,71.94694,-147.74988,-999.00
300234064734090,2017,19.02,00,83.793,83.793,71.94688,-147.74965,-999.00
300234064734090,2017,20.00,00,83.833,83.833,71.94695,-147.74968,-999.00
300234064734090,2017,21.00,00,83.875,83.875,71.94724,-147.74878,-999.00
300234064734090,2017,22.02,00,83.918,83.918,71.94752,-147.74826,-999.00
300234064734090,2017,23.02,00,83.959,83.959,71.94780,-147.74793,-999.00
300234064734090,2017,0.00,00,84.000,84.000,71.94798,-147.74504,-999.00
300234064734090,2017,1.00,00,84.042,84.042,71.94822,-147.73903,-999.00
300234064734090,2017,2.02,00,84.084,84.084,71.94848,-147.73665,-999.00
300234064734090,2017,3.00,00,84.125,84.125,71.94862,-147.73294,-999.00
300234064734090,2017,4.00,00,84.167,84.167,71.94874,-147.72949,-999.00
300234064734090,2017,5.00,00,84.208,84.208,71.94872,-147.72945,-999.00
300234064734090,2017,6.02,00,84.251,84.251,71.94872,-147.72939,-999.00
300234064734090,2017,7.00,00,84.292,84.292,71.94878,-147.72951,-999.00
300234064734090,2017,8.00,00,84.333,84.333,71.94892,-147.72948,-999.00
300234064734090,2017,9.00,00,84.375,84.375,71.94886,-147.72926,-999.00
300234064734090,2017,10.02,00,84.418,84.418,71.94888,-147.72943,-999.00
300234064734090,2017,11.00,00,84.458,84.458,71.94889,-147.72951,-999.00
300234064734090,2017,12.00,00,84.500,84.500,71.94894,-147.72932,-999.00
300234064734090,2017,13.02,00,84.543,84.543,71.94892,-147.72934,-999.00
300234064734090,2017,14.00,00,84.583,84.583,71.94894,-147.72939,-999.00
300234064734090,2017,15.00,00,84.625,84.625,71.94894,-147.72940,-999.00
300234064734090,2017,16.02,00,84.668,84.668,71.94894,-147.72914,-999.00
300234064734090,2017,17.00,00,84.708,84.708,71.94896,-147.72922,-999.00
300234064734090,2017,18.00,00,84.750,84.750,71.94900,-147.72910,-999.00
300234064734090,2017,19.02,00,84.793,84.793,71.94900,-147.72897,-999.00
300234064734090,2017,20.00,00,84.833,84.833,71.94898,-147.72906,-999.00
300234064734090,2017,21.00,00,84.875,84.875,71.94896,-147.72879,-999.00
300234064734090,2017,22.02,00,84.918,84.918,71.94900,-147.72868,-999.00
300234064734090,2017,23.02,00,84.959,84.959,71.94902,-147.72893,-999.00
300234064734090,2017,0.00,00,85.000,85.000,71.94886,-147.72879,-999.00
300234064734090,2017,1.00,00,85.042,85.042,71.94821,-147.72644,-999.00
300234064734090,2017,2.02,00,85.084,85.084,71.94720,-147.72331,-999.00
300234064734090,2017,3.00,00,85.125,85.125,71.94619,-147.72082,-999.00
300234064734090,2017,4.00,00,85.167,85.167,71.94544,-147.72008,-999.00
300234064734090,2017,5.00,00,85.208,85.208,71.94488,-147.71967,-999.00
300234064734090,2017,6.02,00,85.251,85.251,71.94466,-147.71944,-999.00
300234064734090,2017,7.00,00,85.292,85.292,71.94473,-147.71960,-999.00
300234064734090,2017,8.00,00,85.333,85.333,71.94476,-147.71953,-999.00
300234064734090,2017,9.00,00,85.375,85.375,71.94469,-147.71936,-999.00
300234064734090,2017,10.02,00,85.418,85.418,71.94468,-147.71944,-999.00
300234064734090,2017,11.00,00,85.458,85.458,71.94469,-147.71945,-999.00
300234064734090,2017,12.00,00,85.500,85.500,71.94469,-147.71939,-999.00
300234064734090,2017,13.02,00,85.543,85.543,71.94468,-147.71938,-999.00
300234064734090,2017,14.00,00,85.583,85.583,71.94469,-147.71956,-999.00
300234064734090,2017,15.00,00,85.625,85.625,71.94469,-147.71950,-999.00
300234064734090,2017,16.02,00,85.668,85.668,71.94467,-147.71925,-999.00
300234064734090,2017,17.00,00,85.708,85.708,71.94467,-147.71948,-999.00
300234064734090,2017,18.00,00,85.750,85.750,71.94470,-147.71938,-999.00
300234064734090,2017,19.00,00,85.792,85.792,71.94464,-147.71931,-999.00
300234064734090,2017,20.02,00,85.834,85.834,71.94469,-147.71909,-999.00
300234064734090,2017,21.00,00,85.875,85.875,71.94482,-147.71928,-999.00
300234064734090,2017,22.00,00,85.917,85.917,71.94474,-147.71919,-999.00
300234064734090,2017,23.02,00,85.959,85.959,71.94469,-147.71909,-999.00
300234064734090,2017,0.02,00,86.001,86.001,71.94467,-147.71902,-999.00
300234064734090,2017,1.00,00,86.042,86.042,71.94465,-147.71902,-999.00
300234064734090,2017,2.00,00,86.083,86.083,71.94460,-147.71899,-999.00
300234064734090,2017,3.00,00,86.125,86.125,71.94457,-147.71889,-999.00
300234064734090,2017,4.02,00,86.168,86.168,71.94457,-147.71912,-999.00
300234064734090,2017,5.00,00,86.208,86.208,71.94460,-147.71939,-999.00
300234064734090,2017,6.00,00,86.250,86.250,71.94473,-147.71953,-999.00
300234064734090,2017,7.00,00,86.292,86.292,71.94472,-147.71950,-999.00
300234064734090,2017,8.02,00,86.334,86.334,71.94466,-147.71942,-999.00
300234064734090,2017,9.00,00,86.375,86.375,71.94466,-147.71957,-999.00
300234064734090,2017,10.00,00,86.417,86.417,71.94467,-147.71965,-999.00
300234064734090,2017,11.00,00,86.458,86.458,71.94474,-147.71936,-999.00
300234064734090,2017,12.02,00,86.501,86.501,71.94463,-147.71962,-999.00
300234064734090,2017,13.00,00,86.542,86.542,71.94456,-147.71976,-999.00
300234064734090,2017,14.00,00,86.583,86.583,71.94462,-147.71960,-999.00
300234064734090,2017,15.00,00,86.625,86.625,71.94429,-147.71823,-999.00
300234064734090,2017,16.02,00,86.668,86.668,71.94463,-147.71968,-999.00
300234064734090,2017,17.00,00,86.708,86.708,71.94463,-147.72000,-999.00
300234064734090,2017,18.00,00,86.750,86.750,71.94466,-147.71989,-999.00
300234064734090,2017,19.00,00,86.792,86.792,71.94461,-147.71986,-999.00
300234064734090,2017,20.02,00,86.834,86.834,71.94464,-147.71977,-999.00
300234064734090,2017,21.00,00,86.875,86.875,71.94467,-147.72025,-999.00
300234064734090,2017,22.00,00,86.917,86.917,71.94479,-147.72115,-999.00
300234064734090,2017,23.02,00,86.959,86.959,71.94502,-147.72276,-999.00
300234064734090,2017,0.02,00,87.001,87.001,71.94534,-147.72469,-999.00
300234064734090,2017,1.00,00,87.042,87.042,71.94565,-147.72688,-999.00
300234064734090,2017,2.00,00,87.083,87.083,71.94586,-147.72916,-999.00
300234064734090,2017,3.00,00,87.125,87.125,71.94594,-147.73086,-999.00
300234064734090,2017,4.02,00,87.168,87.168,71.94590,-147.73254,-999.00
300234064734090,2017,5.00,00,87.208,87.208,71.94587,-147.73410,-999.00
300234064734090,2017,6.00,00,87.250,87.250,71.94572,-147.73639,-999.00
300234064734090,2017,7.00,00,87.292,87.292,71.94544,-147.73965,-999.00
300234064734090,2017,8.02,00,87.334,87.334,71.94508,-147.74262,-999.00
300234064734090,2017,9.00,00,87.375,87.375,71.94475,-147.74840,-999.00
300234064734090,2017,10.00,00,87.417,87.417,71.94464,-147.75478,-999.00
300234064734090,2017,11.00,00,87.458,87.458,71.94463,-147.76266,-999.00
300234064734090,2017,12.02,00,87.501,87.501,71.94466,-147.77246,-999.00
300234064734090,2017,13.00,00,87.542,87.542,71.94516,-147.78358,-999.00
300234064734090,2017,14.00,00,87.583,87.583,71.94563,-147.79602,-999.00
300234064734090,2017,15.00,00,87.625,87.625,71.94605,-147.80821,-999.00
300234064734090,2017,16.02,00,87.668,87.668,71.94704,-147.82338,-999.00
300234064734090,2017,17.00,00,87.708,87.708,71.94776,-147.83731,-999.00
300234064734090,2017,18.00,00,87.750,87.750,71.94872,-147.85278,-999.00
300234064734090,2017,19.00,00,87.792,87.792,71.94981,-147.86983,-999.00
300234064734090,2017,20.02,00,87.834,87.834,71.95116,-147.88771,-999.00
300234064734090,2017,21.00,00,87.875,87.875,71.95294,-147.90683,-999.00
300234064734090,2017,22.00,00,87.917,87.917,71.95523,-147.92752,-999.00
300234064734090,2017,23.02,00,87.959,87.959,71.95810,-147.94949,-999.00
300234064734090,2017,0.02,00,88.001,88.001,71.96129,-147.97124,-999.00
300234064734090,2017,1.00,00,88.042,88.042,71.96471,-147.99326,-999.00
300234064734090,2017,2.02,00,88.084,88.084,71.96832,-148.01526,-999.00
300234064734090,2017,3.00,00,88.125,88.125,71.97179,-148.03574,-999.00
300234064734090,2017,4.00,00,88.167,88.167,71.97515,-148.05450,-999.00
300234064734090,2017,5.00,00,88.208,88.208,71.97825,-148.07213,-999.00
300234064734090,2017,6.02,00,88.251,88.251,71.98126,-148.08820,-999.00
300234064734090,2017,7.00,00,88.292,88.292,71.98418,-148.10294,-999.00
300234064734090,2017,8.00,00,88.333,88.333,71.98675,-148.11671,-999.00
300234064734090,2017,9.00,00,88.375,88.375,71.98910,-148.12984,-999.00
300234064734090,2017,10.02,00,88.418,88.418,71.99143,-148.14317,-999.00
300234064734090,2017,11.00,00,88.458,88.458,71.99366,-148.15640,-999.00
300234064734090,2017,12.00,00,88.500,88.500,71.99600,-148.16922,-999.00
300234064734090,2017,13.00,00,88.542,88.542,71.99865,-148.18131,-999.00
300234064734090,2017,14.02,00,88.584,88.584,72.00153,-148.19260,-999.00
300234064734090,2017,15.00,00,88.625,88.625,72.00449,-148.20238,-999.00
300234064734090,2017,16.00,00,88.667,88.667,72.00758,-148.21069,-999.00
300234064734090,2017,17.00,00,88.708,88.708,72.01056,-148.21771,-999.00
300234064734090,2017,18.02,00,88.751,88.751,72.01363,-148.22353,-999.00
300234064734090,2017,19.00,00,88.792,88.792,72.01690,-148.22752,-999.00
300234064734090,2017,20.00,00,88.833,88.833,72.02009,-148.22893,-999.00
300234064734090,2017,21.00,00,88.875,88.875,72.02284,-148.22836,-999.00
300234064734090,2017,22.02,00,88.918,88.918,72.02466,-148.22742,-999.00
300234064734090,2017,23.02,00,88.959,88.959,72.02618,-148.22400,-999.00
300234064734090,2017,0.00,00,89.000,89.000,72.02728,-148.22061,-999.00
300234064734090,2017,1.00,00,89.042,89.042,72.02818,-148.21771,-999.00
300234064734090,2017,2.02,00,89.084,89.084,72.02852,-148.21503,-999.00
300234064734090,2017,3.00,00,89.125,89.125,72.02844,-148.21252,-999.00
300234064734090,2017,4.00,00,89.167,89.167,72.02836,-148.21010,-999.00
300234064734090,2017,5.00,00,89.208,89.208,72.02793,-148.20668,-999.00
300234064734090,2017,6.02,00,89.251,89.251,72.02734,-148.20204,-999.00
300234064734090,2017,7.00,00,89.292,89.292,72.02671,-148.19855,-999.00
300234064734090,2017,8.00,00,89.333,89.333,72.02578,-148.19513,-999.00
300234064734090,2017,9.00,00,89.375,89.375,72.02471,-148.19249,-999.00
300234064734090,2017,10.02,00,89.418,89.418,72.02392,-148.19083,-999.00
300234064734090,2017,11.00,00,89.458,89.458,72.02338,-148.18945,-999.00
300234064734090,2017,12.00,00,89.500,89.500,72.02306,-148.18800,-999.00
300234064734090,2017,13.00,00,89.542,89.542,72.02289,-148.18611,-999.00
300234064734090,2017,14.02,00,89.584,89.584,72.02265,-148.18393,-999.00
300234064734090,2017,15.00,00,89.625,89.625,72.02235,-148.18167,-999.00
300234064734090,2017,16.00,00,89.667,89.667,72.02209,-148.17928,-999.00
300234064734090,2017,17.00,00,89.708,89.708,72.02182,-148.17598,-999.00
300234064734090,2017,18.02,00,89.751,89.751,72.02146,-148.17192,-999.00
300234064734090,2017,19.00,00,89.792,89.792,72.02106,-148.16847,-999.00
300234064734090,2017,20.00,00,89.833,89.833,72.02055,-148.16582,-999.00
300234064734090,2017,21.00,00,89.875,89.875,72.02024,-148.16336,-999.00
300234064734090,2017,22.02,00,89.918,89.918,72.02007,-148.16161,-999.00
300234064734090,2017,23.02,00,89.959,89.959,72.02008,-148.16067,-999.00
300234064734090,2017,0.00,00,90.000,90.000,72.02010,-148.16046,-999.00
300234064734090,2017,1.02,00,90.043,90.043,72.02004,-148.16069,-999.00
300234064734090,2017,2.00,00,90.083,90.083,72.02000,-148.16133,-999.00
300234064734090,2017,3.00,00,90.125,90.125,72.02007,-148.16217,-999.00
300234064734090,2017,4.02,00,90.168,90.168,72.01988,-148.16310,-999.00
300234064734090,2017,5.00,00,90.208,90.208,72.01990,-148.16492,-999.00
300234064734090,2017,6.00,00,90.250,90.250,72.01990,-148.16670,-999.00
300234064734090,2017,7.00,00,90.292,90.292,72.01984,-148.16856,-999.00
300234064734090,2017,8.02,00,90.334,90.334,72.01969,-148.17001,-999.00
300234064734090,2017,9.00,00,90.375,90.375,72.01953,-148.17134,-999.00
300234064734090,2017,10.00,00,90.417,90.417,72.01917,-148.17235,-999.00
300234064734090,2017,11.00,00,90.458,90.458,72.01881,-148.17384,-999.00
300234064734090,2017,12.02,00,90.501,90.501,72.01849,-148.17606,-999.00
300234064734090,2017,13.00,00,90.542,90.542,72.01833,-148.17888,-999.00
300234064734090,2017,14.00,00,90.583,90.583,72.01811,-148.18213,-999.00
300234064734090,2017,15.00,00,90.625,90.625,72.01816,-148.18617,-999.00
300234064734090,2017,16.02,00,90.668,90.668,72.01770,-148.18819,-999.00
300234064734090,2017,17.00,00,90.708,90.708,72.01733,-148.19076,-999.00
300234064734090,2017,18.00,00,90.750,90.750,72.01689,-148.19199,-999.00
300234064734090,2017,19.00,00,90.792,90.792,72.01617,-148.19461,-999.00
300234064734090,2017,20.02,00,90.834,90.834,72.01545,-148.19751,-999.00
300234064734090,2017,21.00,00,90.875,90.875,72.01457,-148.20018,-999.00
300234064734090,2017,22.00,00,90.917,90.917,72.01344,-148.20273,-999.00
300234064734090,2017,23.02,00,90.959,90.959,72.01238,-148.20519,-999.00
300234064734090,2017,0.02,00,91.001,91.001,72.01144,-148.20721,-999.00
300234064734090,2017,1.00,00,91.042,91.042,72.01093,-148.21021,-999.00
300234064734090,2017,2.02,00,91.084,91.084,72.01072,-148.21196,-999.00
300234064734090,2017,3.00,00,91.125,91.125,72.01079,-148.21365,-999.00
300234064734090,2017,4.00,00,91.167,91.167,72.01082,-148.21428,-999.00
300234064734090,2017,5.00,00,91.208,91.208,72.01080,-148.21443,-999.00
300234064734090,2017,6.02,00,91.251,91.251,72.01068,-148.21513,-999.00
300234064734090,2017,7.00,00,91.292,91.292,72.01057,-148.21599,-999.00
300234064734090,2017,8.00,00,91.333,91.333,72.01054,-148.21611,-999.00
300234064734090,2017,9.00,00,91.375,91.375,72.01045,-148.21626,-999.00
300234064734090,2017,10.02,00,91.418,91.418,72.01044,-148.21628,-999.00
300234064734090,2017,11.00,00,91.458,91.458,72.01045,-148.21635,-999.00
300234064734090,2017,12.00,00,91.500,91.500,72.01044,-148.21629,-999.00
300234064734090,2017,13.00,00,91.542,91.542,72.01042,-148.21617,-999.00
300234064734090,2017,14.02,00,91.584,91.584,72.01031,-148.21609,-999.00
300234064734090,2017,15.00,00,91.625,91.625,72.01003,-148.21593,-999.00
300234064734090,2017,16.00,00,91.667,91.667,72.00981,-148.21582,-999.00
300234064734090,2017,17.00,00,91.708,91.708,72.00954,-148.21567,-999.00
300234064734090,2017,18.02,00,91.751,91.751,72.00917,-148.21532,-999.00
300234064734090,2017,19.00,00,91.792,91.792,72.00879,-148.21523,-999.00
300234064734090,2017,20.00,00,91.833,91.833,72.00843,-148.21504,-999.00
300234064734090,2017,21.00,00,91.875,91.875,72.00808,-148.21449,-999.00
300234064734090,2017,22.02,00,91.918,91.918,72.00768,-148.21434,-999.00
300234064734090,2017,23.02,00,91.959,91.959,72.00744,-148.21422,-999.00
300234064734090,2017,0.00,00,92.000,92.000,72.00709,-148.21393,-999.00
300234064734090,2017,1.02,00,92.043,92.043,72.00693,-148.21394,-999.00
300234064734090,2017,2.00,00,92.083,92.083,72.00703,-148.21422,-999.00
300234064734090,2017,3.00,00,92.125,92.125,72.00697,-148.21410,-999.00
300234064734090,2017,4.02,00,92.168,92.168,72.00693,-148.21396,-999.00
300234064734090,2017,5.00,00,92.208,92.208,72.00703,-148.21433,-999.00
300234064734090,2017,6.00,00,92.250,92.250,72.00710,-148.21429,-999.00
300234064734090,2017,7.02,00,92.293,92.293,72.00693,-148.21399,-999.00
300234064734090,2017,8.00,00,92.333,92.333,72.00702,-148.21397,-999.00
300234064734090,2017,9.00,00,92.375,92.375,72.00698,-148.21403,-999.00
300234064734090,2017,10.02,00,92.418,92.418,72.00693,-148.21399,-999.00
300234064734090,2017,11.00,00,92.458,92.458,72.00698,-148.21408,-999.00
300234064734090,2017,12.00,00,92.500,92.500,72.00697,-148.21405,-999.00
300234064734090,2017,13.00,00,92.542,92.542,72.00699,-148.21399,-999.00
300234064734090,2017,14.02,00,92.584,92.584,72.00691,-148.21402,-999.00
300234064734090,2017,15.00,00,92.625,92.625,72.00693,-148.21400,-999.00
300234064734090,2017,16.00,00,92.667,92.667,72.00695,-148.21405,-999.00
300234064734090,2017,17.00,00,92.708,92.708,72.00693,-148.21400,-999.00
300234064734090,2017,18.02,00,92.751,92.751,72.00691,-148.21405,-999.00
300234064734090,2017,19.00,00,92.792,92.792,72.00693,-148.21423,-999.00
300234064734090,2017,20.00,00,92.833,92.833,72.00691,-148.21413,-999.00
300234064734090,2017,21.00,00,92.875,92.875,72.00690,-148.21405,-999.00
300234064734090,2017,22.02,00,92.918,92.918,72.00690,-148.21407,-999.00
300234064734090,2017,23.02,00,92.959,92.959,72.00671,-148.21425,-999.00
300234064734090,2017,0.00,00,93.000,93.000,72.00626,-148.21458,-999.00
300234064734090,2017,1.00,00,93.042,93.042,72.00583,-148.21539,-999.00
300234064734090,2017,2.02,00,93.084,93.084,72.00545,-148.21603,-999.00
300234064734090,2017,3.00,00,93.125,93.125,72.00543,-148.21625,-999.00
300234064734090,2017,4.00,00,93.167,93.167,72.00545,-148.21625,-999.00
300234064734090,2017,5.02,00,93.209,93.209,72.00539,-148.21617,-999.00
300234064734090,2017,6.00,00,93.250,93.250,72.00553,-148.21614,-999.00
300234064734090,2017,7.00,00,93.292,93.292,72.00564,-148.21625,-999.00
300234064734090,2017,8.02,00,93.334,93.334,72.00542,-148.21619,-999.00
300234064734090,2017,9.00,00,93.375,93.375,72.00547,-148.21616,-999.00
300234064734090,2017,10.00,00,93.417,93.417,72.00545,-148.21625,-999.00
300234064734090,2017,11.00,00,93.458,93.458,72.00544,-148.21619,-999.00
300234064734090,2017,12.02,00,93.501,93.501,72.00542,-148.21622,-999.00
300234064734090,2017,13.00,00,93.542,93.542,72.00550,-148.21640,-999.00
300234064734090,2017,14.00,00,93.583,93.583,72.00556,-148.21643,-999.00
300234064734090,2017,15.00,00,93.625,93.625,72.00545,-148.21639,-999.00
300234064734090,2017,16.02,00,93.668,93.668,72.00543,-148.21629,-999.00
300234064734090,2017,17.00,00,93.708,93.708,72.00545,-148.21626,-999.00
300234064734090,2017,18.00,00,93.750,93.750,72.00540,-148.21626,-999.00
300234064734090,2017,19.00,00,93.792,93.792,72.00547,-148.21657,-999.00
300234064734090,2017,20.02,00,93.834,93.834,72.00584,-148.21880,-999.00
300234064734090,2017,21.00,00,93.875,93.875,72.00646,-148.22298,-999.00
300234064734090,2017,22.00,00,93.917,93.917,72.00700,-148.22888,-999.00
300234064734090,2017,23.02,00,93.959,93.959,72.00759,-148.23669,-999.00
300234064734090,2017,0.02,00,94.001,94.001,72.00832,-148.24568,-999.00
300234064734090,2017,1.00,00,94.042,94.042,72.00925,-148.25589,-999.00
300234064734090,2017,2.00,00,94.083,94.083,72.01028,-148.26692,-999.00
300234064734090,2017,3.00,00,94.125,94.125,72.01150,-148.27795,-999.00
300234064734090,2017,4.02,00,94.168,94.168,72.01260,-148.28943,-999.00
300234064734090,2017,5.00,00,94.208,94.208,72.01392,-148.30101,-999.00
300234064734090,2017,6.00,00,94.250,94.250,72.01526,-148.31303,-999.00
300234064734090,2017,7.02,00,94.293,94.293,72.01643,-148.32484,-999.00
300234064734090,2017,8.00,00,94.333,94.333,72.01770,-148.33722,-999.00
300234064734090,2017,9.00,00,94.375,94.375,72.01894,-148.35007,-999.00
300234064734090,2017,10.02,00,94.418,94.418,72.02005,-148.36285,-999.00
300234064734090,2017,11.00,00,94.458,94.458,72.02110,-148.37666,-999.00
300234064734090,2017,12.00,00,94.500,94.500,72.02221,-148.39136,-999.00
300234064734090,2017,13.00,00,94.542,94.542,72.02335,-148.40633,-999.00
300234064734090,2017,14.02,00,94.584,94.584,72.02455,-148.42201,-999.00
300234064734090,2017,15.00,00,94.625,94.625,72.02607,-148.43864,-999.00
300234064734090,2017,16.00,00,94.667,94.667,72.02776,-148.45648,-999.00
300234064734090,2017,17.00,00,94.708,94.708,72.02980,-148.47549,-999.00
300234064734090,2017,18.02,00,94.751,94.751,72.03208,-148.49558,-999.00
300234064734090,2017,19.00,00,94.792,94.792,72.03473,-148.51675,-999.00
300234064734090,2017,20.00,00,94.833,94.833,72.03759,-148.53857,-999.00
300234064734090,2017,21.02,00,94.876,94.876,72.04082,-148.56126,-999.00
300234064734090,2017,22.00,00,94.917,94.917,72.04435,-148.58395,-999.00
300234064734090,2017,23.02,00,94.959,94.959,72.04803,-148.60762,-999.00
300234064734090,2017,00,01,95.001,95.001,72.05167,-148.63155,28.78
300234064734090,2017,01,00,95.042,95.042,72.05523,-148.65654,28.80
300234064734090,2017,02,00,95.083,95.083,72.05891,-148.68179,28.77
300234064734090,2017,03,00,95.125,95.125,72.06275,-148.70837,28.74
300234064734090,2017,04,01,95.167,95.167,72.06681,-148.73607,28.75
300234064734090,2017,4.02,00,95.168,95.168,72.06681,-148.73607,-999.00
300234064734090,2017,05,00,95.208,95.208,72.07089,-148.76390,28.74
300234064734090,2017,06,00,95.250,95.250,72.07540,-148.79244,28.73
300234064734090,2017,07,01,95.292,95.292,72.08040,-148.82104,28.70
300234064734090,2017,7.02,00,95.293,95.293,72.08040,-148.82104,-999.00
300234064734090,2017,08,00,95.333,95.333,72.08553,-148.84822,28.65
300234064734090,2017,09,00,95.375,95.375,72.09044,-148.87520,28.61
300234064734090,2017,10,01,95.417,95.417,72.09527,-148.90283,28.58
300234064734090,2017,10.02,00,95.418,95.418,72.09527,-148.90283,-999.00
300234064734090,2017,11,00,95.458,95.458,72.10078,-148.93167,28.55
300234064734090,2017,12,00,95.500,95.500,72.10624,-148.96112,28.52
300234064734090,2017,13,00,95.542,95.542,72.11166,-148.98976,28.44
300234064734090,2017,14,01,95.584,95.584,72.11729,-149.01822,28.36
300234064734090,2017,15,00,95.625,95.625,72.12225,-149.04642,28.29
300234064734090,2017,16,00,95.667,95.667,72.12722,-149.07593,28.32
300234064734090,2017,17,00,95.708,95.708,72.13227,-149.10596,28.38
300234064734090,2017,18,01,95.751,95.751,72.13743,-149.13657,28.51
300234064734090,2017,19,00,95.792,95.792,72.14326,-149.16806,28.69
300234064734090,2017,20,00,95.833,95.833,72.14947,-149.19904,28.96
300234064734090,2017,21,01,95.876,95.876,72.15558,-149.22929,29.26
300234064734090,2017,22,00,95.917,95.917,72.16112,-149.25722,29.53
300234064734090,2017,23,01,95.959,95.959,72.16660,-149.28514,29.78
300234064734090,2017,00,01,96.001,96.001,72.17168,-149.31143,29.96
300234064734090,2017,01,00,96.042,96.042,72.17670,-149.33797,30.09
300234064734090,2017,02,00,96.083,96.083,72.18153,-149.36482,30.13
300234064734090,2017,03,00,96.125,96.125,72.18568,-149.39076,30.12
300234064734090,2017,04,01,96.167,96.167,72.18988,-149.41826,30.11
300234064734090,2017,4.02,00,96.168,96.168,72.18988,-149.41826,-999.00
300234064734090,2017,05,00,96.208,96.208,72.19406,-149.44531,30.07
300234064734090,2017,06,00,96.250,96.250,72.19853,-149.47252,30.00
300234064734090,2017,07,01,96.292,96.292,72.20272,-149.49928,29.91
300234064734090,2017,7.02,00,96.293,96.293,72.20272,-149.49928,-999.00
300234064734090,2017,08,00,96.333,96.333,72.20712,-149.52615,29.82
300234064734090,2017,09,00,96.375,96.375,72.21272,-149.55406,29.73
300234064734090,2017,10,01,96.417,96.417,72.21847,-149.58150,29.63
300234064734090,2017,10.02,00,96.418,96.418,72.21847,-149.58150,-999.00
300234064734090,2017,11,00,96.458,96.458,72.22425,-149.60895,29.54
300234064734090,2017,12,00,96.500,96.500,72.22917,-149.63458,29.45
300234064734090,2017,13,00,96.542,96.542,72.23263,-149.65762,29.33
300234064734090,2017,14,01,96.584,96.584,72.23611,-149.68102,29.21
300234064734090,2017,15,00,96.625,96.625,72.23906,-149.70435,29.12
300234064734090,2017,16,00,96.667,96.667,72.24203,-149.72974,29.07
300234064734090,2017,17,00,96.708,96.708,72.24544,-149.75693,29.09
300234064734090,2017,18,01,96.751,96.751,72.24939,-149.78593,29.15
300234064734090,2017,19,00,96.792,96.792,72.25400,-149.81543,29.28
300234064734090,2017,20,01,96.834,96.834,72.25934,-149.84520,29.51
300234064734090,2017,21,00,96.875,96.875,72.26553,-149.87575,29.75
300234064734090,2017,22,00,96.917,96.917,72.27187,-149.90584,30.00
300234064734090,2017,23,01,96.959,96.959,72.27807,-149.93434,30.26
300234064734090,2017,00,01,97.001,97.001,72.28355,-149.95984,30.46
300234064734090,2017,01,00,97.042,97.042,72.28844,-149.98337,30.58
300234064734090,2017,02,00,97.083,97.083,72.29292,-150.00572,30.59
300234064734090,2017,03,00,97.125,97.125,72.29678,-150.02733,30.50
300234064734090,2017,04,01,97.167,97.167,72.30064,-150.04929,30.37
300234064734090,2017,4.02,00,97.168,97.168,72.30064,-150.04929,-999.00
300234064734090,2017,05,00,97.208,97.208,72.30491,-150.07170,30.22
300234064734090,2017,06,00,97.250,97.250,72.30909,-150.09349,30.02
300234064734090,2017,07,01,97.292,97.292,72.31280,-150.11380,29.86
300234064734090,2017,08,00,97.333,97.333,72.31673,-150.13528,29.73
300234064734090,2017,09,00,97.375,97.375,72.32059,-150.15755,29.58
300234064734090,2017,10,01,97.417,97.417,72.32468,-150.17947,29.42
300234064734090,2017,11,00,97.458,97.458,72.32891,-150.20103,29.26
300234064734090,2017,12,00,97.500,97.500,72.33321,-150.22224,29.11
300234064734090,2017,13,00,97.542,97.542,72.33775,-150.24341,28.94
300234064734090,2017,14,01,97.584,97.584,72.34235,-150.26590,28.78
300234064734090,2017,15,00,97.625,97.625,72.34694,-150.28810,28.64
300234064734090,2017,16,00,97.667,97.667,72.35068,-150.30872,28.60
300234064734090,2017,17,00,97.708,97.708,72.35399,-150.32816,28.63
300234064734090,2017,18,01,97.751,97.751,72.35756,-150.34804,28.78
300234064734090,2017,19,00,97.792,97.792,72.36092,-150.36819,28.99
300234064734090,2017,20,00,97.833,97.833,72.36515,-150.39017,29.30
300234064734090,2017,21,01,97.876,97.876,72.36945,-150.41203,29.63
300234064734090,2017,22,00,97.917,97.917,72.37393,-150.43335,29.94
300234064734090,2017,23,01,97.959,97.959,72.37844,-150.45422,30.19
300234064734090,2017,00,01,98.001,98.001,72.38252,-150.47389,30.35
300234064734090,2017,01,00,98.042,98.042,72.38629,-150.49310,30.43
300234064734090,2017,02,00,98.083,98.083,72.38978,-150.51149,30.44
300234064734090,2017,03,00,98.125,98.125,72.39249,-150.52872,30.35
300234064734090,2017,04,01,98.167,98.167,72.39462,-150.54568,30.21
300234064734090,2017,4.02,00,98.168,98.168,72.39462,-150.54568,-999.00
300234064734090,2017,05,00,98.208,98.208,72.39636,-150.56280,30.07
300234064734090,2017,06,00,98.250,98.250,72.39793,-150.58009,29.94
300234064734090,2017,07,01,98.292,98.292,72.39964,-150.59802,29.79
300234064734090,2017,7.02,00,98.293,98.293,72.39964,-150.59802,-999.00
300234064734090,2017,08,00,98.333,98.333,72.40165,-150.61649,29.61
300234064734090,2017,09,00,98.375,98.375,72.40399,-150.63486,29.45
300234064734090,2017,10,01,98.417,98.417,72.40634,-150.65335,29.31
300234064734090,2017,10.02,00,98.418,98.418,72.40634,-150.65335,-999.00
300234064734090,2017,11,00,98.458,98.458,72.40876,-150.67186,29.14
300234064734090,2017,12,00,98.500,98.500,72.41068,-150.68973,28.96
300234064734090,2017,13,00,98.542,98.542,72.41250,-150.70695,28.81
300234064734090,2017,14,01,98.584,98.584,72.41379,-150.72372,28.68
300234064734090,2017,15,00,98.625,98.625,72.41491,-150.73993,28.53
300234064734090,2017,16,00,98.667,98.667,72.41577,-150.75615,28.43
300234064734090,2017,17,00,98.708,98.708,72.41672,-150.77235,28.42
300234064734090,2017,18,01,98.751,98.751,72.41769,-150.78992,28.50
300234064734090,2017,19,00,98.792,98.792,72.41870,-150.80878,28.68
300234064734090,2017,20,00,98.833,98.833,72.41971,-150.82880,28.92
300234064734090,2017,21,01,98.876,98.876,72.42094,-150.85077,29.17
300234064734090,2017,22,00,98.917,98.917,72.42233,-150.87447,29.40
300234064734090,2017,23,01,98.959,98.959,72.42339,-150.89906,29.57
300234064734090,2017,00,01,99.001,99.001,72.42458,-150.92465,29.70
300234064734090,2017,01,00,99.042,99.042,72.42596,-150.95216,29.76
300234064734090,2017,02,00,99.083,99.083,72.42683,-150.97870,29.76
300234064734090,2017,03,00,99.125,99.125,72.42709,-151.00372,29.67
300234064734090,2017,04,01,99.167,99.167,72.42727,-151.02763,29.56
300234064734090,2017,4.02,00,99.168,99.168,72.42727,-151.02763,-999.00
300234064734090,2017,05,00,99.208,99.208,72.42749,-151.05098,29.45
300234064734090,2017,06,00,99.250,99.250,72.42742,-151.07254,29.36
300234064734090,2017,07,01,99.292,99.292,72.42731,-151.09431,29.27
300234064734090,2017,7.02,00,99.293,99.293,72.42731,-151.09431,-999.00
300234064734090,2017,08,00,99.333,99.333,72.42752,-151.11632,29.16
300234064734090,2017,09,00,99.375,99.375,72.42849,-151.13934,29.03
300234064734090,2017,10,01,99.417,99.417,72.42963,-151.16222,28.95
300234064734090,2017,10.02,00,99.418,99.418,72.42963,-151.16222,-999.00
300234064734090,2017,11,00,99.458,99.458,72.43109,-151.18480,28.85
300234064734090,2017,12,00,99.500,99.500,72.43240,-151.20621,28.78
300234064734090,2017,13,01,99.542,99.542,72.43344,-151.22670,28.69
300234064734090,2017,13.02,00,99.543,99.543,72.43344,-151.22670,-999.00
300234064734090,2017,14,00,99.583,99.583,72.43415,-151.24623,28.60
300234064734090,2017,15.00,00,99.625,99.625,72.43456,-151.26517,-999.00
300234064734090,2017,16.02,00,99.668,99.668,72.43475,-151.28401,-999.00
300234064734090,2017,17.00,00,99.708,99.708,72.43503,-151.30290,-999.00
300234064734090,2017,18.00,00,99.750,99.750,72.43523,-151.32285,-999.00
300234064734090,2017,19.00,00,99.792,99.792,72.43555,-151.34361,-999.00
300234064734090,2017,20.02,00,99.834,99.834,72.43610,-151.36568,-999.00
300234064734090,2017,21.00,00,99.875,99.875,72.43694,-151.38853,-999.00
300234064734090,2017,23.02,00,99.959,99.959,72.43971,-151.43559,-999.00
300234064734090,2017,0.02,00,100.001,100.001,72.44138,-151.45836,-999.00
300234064734090,2017,1.00,00,100.042,100.042,72.44302,-151.48003,-999.00
300234064734090,2017,2.00,00,100.083,100.083,72.44454,-151.50034,-999.00
300234064734090,2017,3.00,00,100.125,100.125,72.44568,-151.51936,-999.00
300234064734090,2017,4.02,00,100.168,100.168,72.44652,-151.53773,-999.00
300234064734090,2017,5.00,00,100.208,100.208,72.44710,-151.55562,-999.00
300234064734090,2017,6.00,00,100.250,100.250,72.44742,-151.57352,-999.00
300234064734090,2017,7.02,00,100.293,100.293,72.44755,-151.59137,-999.00
300234064734090,2017,8.00,00,100.333,100.333,72.44775,-151.61089,-999.00
300234064734090,2017,9.00,00,100.375,100.375,72.44801,-151.63005,-999.00
300234064734090,2017,10.02,00,100.418,100.418,72.44825,-151.64833,-999.00
300234064734090,2017,11.00,00,100.458,100.458,72.44882,-151.66647,-999.00
300234064734090,2017,12.00,00,100.500,100.500,72.44955,-151.68417,-999.00
300234064734090,2017,13.02,00,100.543,100.543,72.45035,-151.70136,-999.00
300234064734090,2017,14.00,00,100.583,100.583,72.45107,-151.71858,-999.00
300234064734090,2017,15.00,00,100.625,100.625,72.45177,-151.73524,-999.00
300234064734090,2017,16.02,00,100.668,100.668,72.45235,-151.75201,-999.00
300234064734090,2017,17.00,00,100.708,100.708,72.45295,-151.76916,-999.00
300234064734090,2017,18.00,00,100.750,100.750,72.45345,-151.78746,-999.00
300234064734090,2017,19.00,00,100.792,100.792,72.45417,-151.80679,-999.00
300234064734090,2017,20.02,00,100.834,100.834,72.45524,-151.82754,-999.00
300234064734090,2017,21.00,00,100.875,100.875,72.45689,-151.84950,-999.00
300234064734090,2017,22.00,00,100.917,100.917,72.45905,-151.87238,-999.00
300234064734090,2017,23.02,00,100.959,100.959,72.46159,-151.89560,-999.00
300234064734090,2017,0.02,00,101.001,101.001,72.46435,-151.91769,-999.00
300234064734090,2017,1.00,00,101.042,101.042,72.46737,-151.93900,-999.00
300234064734090,2017,2.00,00,101.083,101.083,72.47042,-151.95834,-999.00
300234064734090,2017,3.00,00,101.125,101.125,72.47309,-151.97562,-999.00
300234064734090,2017,4.02,00,101.168,101.168,72.47535,-151.99129,-999.00
300234064734090,2017,5.00,00,101.208,101.208,72.47723,-152.00621,-999.00
300234064734090,2017,6.00,00,101.250,101.250,72.47845,-152.02051,-999.00
300234064734090,2017,7.02,00,101.293,101.293,72.47951,-152.03474,-999.00
300234064734090,2017,8.00,00,101.333,101.333,72.48063,-152.04884,-999.00
300234064734090,2017,9.00,00,101.375,101.375,72.48196,-152.06277,-999.00
300234064734090,2017,10.02,00,101.418,101.418,72.48341,-152.07616,-999.00
300234064734090,2017,11.00,00,101.458,101.458,72.48509,-152.08920,-999.00
300234064734090,2017,12.00,00,101.500,101.500,72.48665,-152.10196,-999.00
300234064734090,2017,13.00,00,101.542,101.542,72.48816,-152.11418,-999.00
300234064734090,2017,14.02,00,101.584,101.584,72.48960,-152.12592,-999.00
300234064734090,2017,15.00,00,101.625,101.625,72.49097,-152.13709,-999.00
300234064734090,2017,16.00,00,101.667,101.667,72.49202,-152.14769,-999.00
300234064734090,2017,17.00,00,101.708,101.708,72.49291,-152.15801,-999.00
300234064734090,2017,18.02,00,101.751,101.751,72.49393,-152.16866,-999.00
300234064734090,2017,19.00,00,101.792,101.792,72.49498,-152.17981,-999.00
300234064734090,2017,20.00,00,101.833,101.833,72.49625,-152.19130,-999.00
300234064734090,2017,21.02,00,101.876,101.876,72.49779,-152.20296,-999.00
300234064734090,2017,22.00,00,101.917,101.917,72.49953,-152.21446,-999.00
300234064734090,2017,23.02,00,101.959,101.959,72.50120,-152.22554,-999.00
300234064734090,2017,0.02,00,102.001,102.001,72.50288,-152.23549,-999.00
300234064734090,2017,1.00,00,102.042,102.042,72.50460,-152.24471,-999.00
300234064734090,2017,2.00,00,102.083,102.083,72.50626,-152.25215,-999.00
300234064734090,2017,3.00,00,102.125,102.125,72.50782,-152.25769,-999.00
300234064734090,2017,4.02,00,102.168,102.168,72.50916,-152.26135,-999.00
300234064734090,2017,5.00,00,102.208,102.208,72.51035,-152.26387,-999.00
300234064734090,2017,6.00,00,102.250,102.250,72.51107,-152.26576,-999.00
300234064734090,2017,7.02,00,102.293,102.293,72.51163,-152.26743,-999.00
300234064734090,2017,8.00,00,102.333,102.333,72.51211,-152.26916,-999.00
300234064734090,2017,9.00,00,102.375,102.375,72.51241,-152.27031,-999.00
300234064734090,2017,10.02,00,102.418,102.418,72.51243,-152.27104,-999.00
300234064734090,2017,11.00,00,102.458,102.458,72.51245,-152.27184,-999.00
300234064734090,2017,12.00,00,102.500,102.500,72.51272,-152.27220,-999.00
300234064734090,2017,13.00,00,102.542,102.542,72.51315,-152.27278,-999.00
300234064734090,2017,14.02,00,102.584,102.584,72.51354,-152.27322,-999.00
300234064734090,2017,15.00,00,102.625,102.625,72.51387,-152.27277,-999.00
300234064734090,2017,16.00,00,102.667,102.667,72.51395,-152.27191,-999.00
300234064734090,2017,17.00,00,102.708,102.708,72.51402,-152.27022,-999.00
300234064734090,2017,18.02,00,102.751,102.751,72.51402,-152.26859,-999.00
300234064734090,2017,19.00,00,102.792,102.792,72.51406,-152.26662,-999.00
300234064734090,2017,20.00,00,102.833,102.833,72.51405,-152.26468,-999.00
300234064734090,2017,21.02,00,102.876,102.876,72.51405,-152.26326,-999.00
300234064734090,2017,22.00,00,102.917,102.917,72.51419,-152.26292,-999.00
300234064734090,2017,23.02,00,102.959,102.959,72.51453,-152.26323,-999.00
300234064734090,2017,0.02,00,103.001,103.001,72.51505,-152.26401,-999.00
300234064734090,2017,1.00,00,103.042,103.042,72.51582,-152.26578,-999.00
300234064734090,2017,2.00,00,103.083,103.083,72.51707,-152.26781,-999.00
300234064734090,2017,3.00,00,103.125,103.125,72.51866,-152.27051,-999.00
300234064734090,2017,4.02,00,103.168,103.168,72.52068,-152.27338,-999.00
300234064734090,2017,5.00,00,103.208,103.208,72.52283,-152.27628,-999.00
300234064734090,2017,6.00,00,103.250,103.250,72.52423,-152.27803,-999.00
300234064734090,2017,7.00,00,103.292,103.292,72.52525,-152.27986,-999.00
300234064734090,2017,8.02,00,103.334,103.334,72.52618,-152.28317,-999.00
300234064734090,2017,9.00,00,103.375,103.375,72.52695,-152.28735,-999.00
300234064734090,2017,10.00,00,103.417,103.417,72.52784,-152.29312,-999.00
300234064734090,2017,11.00,00,103.458,103.458,72.52887,-152.30013,-999.00
300234064734090,2017,12.02,00,103.501,103.501,72.53011,-152.30774,-999.00
300234064734090,2017,13.00,00,103.542,103.542,72.53158,-152.31685,-999.00
300234064734090,2017,14.00,00,103.583,103.583,72.53336,-152.32576,-999.00
300234064734090,2017,15.00,00,103.625,103.625,72.53511,-152.33476,-999.00
300234064734090,2017,16.02,00,103.668,103.668,72.53676,-152.34410,-999.00
300234064734090,2017,17.00,00,103.708,103.708,72.53857,-152.35399,-999.00
300234064734090,2017,18.00,00,103.750,103.750,72.54030,-152.36464,-999.00
300234064734090,2017,19.00,00,103.792,103.792,72.54172,-152.37495,-999.00
300234064734090,2017,20.02,00,103.834,103.834,72.54285,-152.38565,-999.00
300234064734090,2017,21.00,00,103.875,103.875,72.54370,-152.39741,-999.00
300234064734090,2017,22.00,00,103.917,103.917,72.54408,-152.41019,-999.00
300234064734090,2017,23.02,00,103.959,103.959,72.54459,-152.42622,-999.00
300234064734090,2017,0.02,00,104.001,104.001,72.54533,-152.44461,-999.00
300234064734090,2017,1.00,00,104.042,104.042,72.54641,-152.46619,-999.00
300234064734090,2017,2.00,00,104.083,104.083,72.54765,-152.48866,-999.00
300234064734090,2017,3.00,00,104.125,104.125,72.54936,-152.51233,-999.00
300234064734090,2017,4.02,00,104.168,104.168,72.55125,-152.53525,-999.00
300234064734090,2017,5.00,00,104.208,104.208,72.55341,-152.55749,-999.00
300234064734090,2017,6.00,00,104.250,104.250,72.55537,-152.57947,-999.00
300234064734090,2017,7.00,00,104.292,104.292,72.55741,-152.60246,-999.00
300234064734090,2017,8.02,00,104.334,104.334,72.55929,-152.62570,-999.00
300234064734090,2017,9.00,00,104.375,104.375,72.56137,-152.64874,-999.00
300234064734090,2017,10.00,00,104.417,104.417,72.56412,-152.67218,-999.00
300234064734090,2017,11.00,00,104.458,104.458,72.56728,-152.69594,-999.00
300234064734090,2017,12.02,00,104.501,104.501,72.57066,-152.71912,-999.00
300234064734090,2017,13.00,00,104.542,104.542,72.57408,-152.74164,-999.00
300234064734090,2017,14.00,00,104.583,104.583,72.57806,-152.76477,-999.00
300234064734090,2017,15.00,00,104.625,104.625,72.58237,-152.78842,-999.00
300234064734090,2017,16.02,00,104.668,104.668,72.58669,-152.81108,-999.00
300234064734090,2017,17.00,00,104.708,104.708,72.59080,-152.83315,-999.00
300234064734090,2017,18.00,00,104.750,104.750,72.59500,-152.85532,-999.00
300234064734090,2017,19.02,00,104.793,104.793,72.59932,-152.87650,-999.00
300234064734090,2017,20.00,00,104.833,104.833,72.60350,-152.89716,-999.00
300234064734090,2017,21.00,00,104.875,104.875,72.60767,-152.91838,-999.00
300234064734090,2017,22.02,00,104.918,104.918,72.61196,-152.94037,-999.00
300234064734090,2017,23.02,00,104.959,104.959,72.61657,-152.96400,-999.00
300234064734090,2017,0.00,00,105.000,105.000,72.62106,-152.98842,-999.00
300234064734090,2017,1.00,00,105.042,105.042,72.62578,-153.01451,-999.00
300234064734090,2017,2.02,00,105.084,105.084,72.63065,-153.04100,-999.00
300234064734090,2017,3.00,00,105.125,105.125,72.63545,-153.06786,-999.00
300234064734090,2017,4.00,00,105.167,105.167,72.64005,-153.09363,-999.00
300234064734090,2017,5.00,00,105.208,105.208,72.64428,-153.11862,-999.00
300234064734090,2017,6.02,00,105.251,105.251,72.64822,-153.14244,-999.00
300234064734090,2017,7.00,00,105.292,105.292,72.65184,-153.16528,-999.00
300234064734090,2017,8.00,00,105.333,105.333,72.65492,-153.18825,-999.00
300234064734090,2017,9.00,00,105.375,105.375,72.65781,-153.21147,-999.00
300234064734090,2017,10.02,00,105.418,105.418,72.66052,-153.23467,-999.00
300234064734090,2017,11.00,00,105.458,105.458,72.66322,-153.25806,-999.00
300234064734090,2017,12.00,00,105.500,105.500,72.66602,-153.28186,-999.00
300234064734090,2017,13.00,00,105.542,105.542,72.66872,-153.30606,-999.00
300234064734090,2017,14.02,00,105.584,105.584,72.67142,-153.33110,-999.00
300234064734090,2017,15.00,00,105.625,105.625,72.67423,-153.35590,-999.00
300234064734090,2017,16.00,00,105.667,105.667,72.67697,-153.38055,-999.00
300234064734090,2017,17.00,00,105.708,105.708,72.67973,-153.40530,-999.00
300234064734090,2017,18.02,00,105.751,105.751,72.68239,-153.43071,-999.00
300234064734090,2017,19.00,00,105.792,105.792,72.68492,-153.45645,-999.00
300234064734090,2017,20.00,00,105.833,105.833,72.68732,-153.48235,-999.00
300234064734090,2017,21.02,00,105.876,105.876,72.68980,-153.50934,-999.00
300234064734090,2017,22.00,00,105.917,105.917,72.69231,-153.53662,-999.00
300234064734090,2017,23.02,00,105.959,105.959,72.69542,-153.56453,-999.00
300234064734090,2017,0.02,00,106.001,106.001,72.69856,-153.59174,-999.00
300234064734090,2017,1.00,00,106.042,106.042,72.70197,-153.61919,-999.00
300234064734090,2017,2.00,00,106.083,106.083,72.70552,-153.64595,-999.00
300234064734090,2017,3.00,00,106.125,106.125,72.70925,-153.67183,-999.00
300234064734090,2017,4.02,00,106.168,106.168,72.71317,-153.69682,-999.00
300234064734090,2017,5.00,00,106.208,106.208,72.71698,-153.71995,-999.00
300234064734090,2017,6.00,00,106.250,106.250,72.72046,-153.74229,-999.00
300234064734090,2017,7.00,00,106.292,106.292,72.72352,-153.76326,-999.00
300234064734090,2017,8.02,00,106.334,106.334,72.72639,-153.78444,-999.00
300234064734090,2017,9.00,00,106.375,106.375,72.72882,-153.80476,-999.00
300234064734090,2017,10.00,00,106.417,106.417,72.73136,-153.82400,-999.00
300234064734090,2017,11.00,00,106.458,106.458,72.73401,-153.84282,-999.00
300234064734090,2017,12.02,00,106.501,106.501,72.73686,-153.86235,-999.00
300234064734090,2017,13.00,00,106.542,106.542,72.73982,-153.88193,-999.00
300234064734090,2017,14.00,00,106.583,106.583,72.74297,-153.90106,-999.00
300234064734090,2017,15.00,00,106.625,106.625,72.74625,-153.92079,-999.00
300234064734090,2017,16.02,00,106.668,106.668,72.74936,-153.93886,-999.00
300234064734090,2017,17.00,00,106.708,106.708,72.75242,-153.95596,-999.00
300234064734090,2017,18.00,00,106.750,106.750,72.75567,-153.97321,-999.00
