listing_id,high,medium,low
7170325,0.4983846426264454,0.3230926618663324,0.1785226955072222
7092344,0.18636174331499394,0.4081256874677549,0.4055125692172513
7158677,0.25170969464468823,0.40949254261605655,0.33879776273925527
7211212,0.37217819196116225,0.36665684535239407,0.26116496268644357
7225292,0.39727607120507097,0.37590435256745675,0.22681957622747226
7226687,0.03846156804736004,0.1923078402368002,0.7692305917158399
7126989,0.03846156804736004,0.1923078402368002,0.7692305917158399
7114138,0.5504134570321714,0.299254437824368,0.15033210514346054
7131094,0.5014603770245679,0.3221508924228543,0.17638873055257773
7224815,0.03846156804736004,0.1923078402368002,0.7692305917158399
7107333,0.3994216786403461,0.3750469787880793,0.22553134257157453
7088993,0.33333333333333337,0.33333333333333337,0.33333333333333337
7216312,0.4983846426264454,0.3230926618663324,0.1785226955072222
7140668,0.4046458518664882,0.37348695438384444,0.22186719374966735
7141160,0.056505273817627405,0.10410347898808407,0.8393912471942886
7753784,0.33333333333333337,0.33333333333333337,0.33333333333333337
7140840,0.19761506145313845,0.40729725484733226,0.3950876836995292
7172046,0.09740901040839074,0.25783026646374047,0.6447607231278688
7168225,0.33333333333333337,0.33333333333333337,0.33333333333333337
7213185,0.4853524880510823,0.32977704855785467,0.18487046339106297
7206465,0.5262757055041507,0.31059826043749783,0.16312603405835138
7134612,0.03846156804736004,0.1923078402368002,0.7692305917158399
7156935,0.06385011774793224,0.12054956682350386,0.8156003154285639
7096161,0.2750633993679928,0.3921915485955287,0.3327450520364785
7131812,0.4126855818950397,0.3681807598031506,0.21913365830180967
7185840,0.0530451484453079,0.10203029438399375,0.8449245571706983
7114220,0.05468686555176488,0.10143213414077025,0.8438810003074647
7231209,0.33333333333333337,0.33333333333333337,0.33333333333333337
7229242,0.5105320936957572,0.32004514115458726,0.16942276514965549
7089887,0.273272296320569,0.39598219910000376,0.3307455045794273
7217009,0.14649263846722754,0.3756246587467851,0.4778827027859874
7167986,0.33333333333333337,0.33333333333333337,0.33333333333333337
7126940,0.05583054655359032,0.10198709938681365,0.8421823540595961
7159596,0.37401184685717936,0.3828052803903825,0.24318287275243805
7111210,0.5231053180965523,0.31166866972409546,0.16522601217935223
7152345,0.49164320485615987,0.32631644958152084,0.18204034556231924
7204899,0.37632253889422856,0.386017413435494,0.2376600476702775
7230245,0.5648815145323696,0.2827352545974689,0.15238323087016148
7211226,0.35662869666256436,0.37301049026867394,0.27036081306876164
7195563,0.18048905200029328,0.39502490099428855,0.42448604700541814
7181313,0.4983846426264454,0.3230926618663324,0.1785226955072222
7206858,0.16095574064897142,0.3823893361871493,0.4566549231638793
7126878,0.39727607120507097,0.37590435256745675,0.22681957622747226
7174518,0.3836387923882046,0.38577206620662036,0.23058914140517503
7209804,0.37865427960247305,0.37245618359641697,0.24888953680111
7119598,0.09652991180344235,0.27932183917103054,0.6241482490255271
7133917,0.21885212586887734,0.41173707150549366,0.36941080262562914
7174224,0.10958253097303935,0.3411620473774155,0.5492554216495452
7157060,0.06293265433995221,0.11598754879690289,0.821079796863145
7173006,0.5474485939691452,0.29815396032575464,0.1543974457051002
7216314,0.03846156804736004,0.1923078402368002,0.7692305917158399
7219476,0.19728713370500198,0.4155447575640298,0.3871681087309682
7139119,0.33333333333333337,0.33333333333333337,0.33333333333333337
7206653,0.09993763282059671,0.29707865022665714,0.6029837169527461
7091061,0.5283484240045949,0.3099917381895714,0.1616598378058337
7097027,0.3767037774219222,0.3709334875450816,0.2523627350329963
7106145,0.3836387923882046,0.38577206620662036,0.23058914140517503
7167352,0.33333333333333337,0.33333333333333337,0.33333333333333337
7168370,0.3836387923882046,0.38577206620662036,0.23058914140517503
7097907,0.5400300635925577,0.3057083851190861,0.15426155128835617
7231268,0.5412672822165894,0.3069762768027805,0.1517564409806302
7136953,0.37217819196116225,0.36665684535239407,0.26116496268644357
7163499,0.23771683650234063,0.41763574600853015,0.34464741748912925
7205089,0.5231053180965523,0.31166866972409546,0.16522601217935223
7215442,0.21821706472332525,0.40988365217554534,0.37189928310112946
7221305,0.4592684413611599,0.34700514004024746,0.1937264185985927
7218351,0.3795918610162995,0.3762025272407944,0.24420561174290598
7148695,0.33333333333333337,0.33333333333333337,0.33333333333333337
7134031,0.4699707473973082,0.3391037910996328,0.19092546150305897
7194919,0.2786930116231867,0.39300362335105965,0.32830336502575375
7198551,0.05231729327230882,0.10231333875175566,0.8453693679759355
7090836,0.33333333333333337,0.33333333333333337,0.33333333333333337
7129585,0.35662869666256436,0.37301049026867394,0.27036081306876164
7107617,0.5386637877181283,0.30703201666418495,0.15430419561768666
7232120,0.39727607120507097,0.37590435256745675,0.22681957622747226
7158471,0.33333333333333337,0.33333333333333337,0.33333333333333337
7117491,0.093464014262791,0.21300685552269277,0.6935291302145162
7194997,0.2515959176630418,0.4101577732434218,0.3382463090935365
7184842,0.5441330292999933,0.3034094274692758,0.1524575432307309
7111019,0.09033406044632186,0.19890795615200188,0.7107579834016763
7149858,0.03846156804736004,0.1923078402368002,0.7692305917158399
7141788,0.33333333333333337,0.33333333333333337,0.33333333333333337
7134172,0.33333333333333337,0.33333333333333337,0.33333333333333337
7233228,0.41312826601578817,0.3667947264407818,0.22007700754342996
7166956,0.14649263846722754,0.3756246587467851,0.4778827027859874
7134741,0.43383240327064077,0.3594809821144919,0.20668661461486737
7148587,0.4699707473973082,0.3391037910996328,0.19092546150305897
7114391,0.45630760455185126,0.348290837402406,0.19540155804574275
7210245,0.21152088854159118,0.4088964426989036,0.37958266875950514
7200221,0.4699707473973082,0.3391037910996328,0.19092546150305897
7176451,0.1868717962073974,0.407325909787431,0.40580229400517176
7112578,0.03846156804736004,0.1923078402368002,0.7692305917158399
7169964,0.5306171709789501,0.3110693145551009,0.15831351446594893
7129699,0.37632253889422856,0.386017413435494,0.2376600476702775
7192613,0.2318239628520422,0.41035554655853307,0.3578204905894247
7137236,0.35855725015103274,0.3730572075458167,0.2683855423031504
7129545,0.39727607120507097,0.37590435256745675,0.22681957622747226
7167474,0.5490157071035164,0.29766801788415254,0.15331627501233105
7187520,0.25609566080117907,0.40996829868212087,0.3339360405167
7219030,0.4272517278185262,0.3608600395855388,0.211888232595935
7194762,0.17237079875079098,0.39004826017649885,0.4375809410727101
7223079,0.33333333333333337,0.33333333333333337,0.33333333333333337
7197337,0.055764427700702855,0.10165542670459309,0.8425801455947041
7103559,0.03846156804736004,0.1923078402368002,0.7692305917158399
7112266,0.438490697567494,0.35581299832557584,0.20569630410693018
7172018,0.4126855818950397,0.3681807598031506,0.21913365830180967
7161834,0.4983846426264454,0.3230926618663324,0.1785226955072222
7135375,0.38282827960937776,0.3741685036101071,0.24300321678051529
7129249,0.10958253097303935,0.3411620473774155,0.5492554216495452
7125143,0.37217819196116225,0.36665684535239407,0.26116496268644357
7151407,0.5475698641794475,0.29887624984700895,0.15355388597354358
7223550,0.10144067766085879,0.32039551819664636,0.5781638041424949
7223021,0.5336249984928458,0.3090520829134399,0.15732291859371433
7174183,0.0893831643588965,0.19803245969948047,0.7125843759416232
7202273,0.39727607120507097,0.37590435256745675,0.22681957622747226
7161696,0.438490697567494,0.35581299832557584,0.20569630410693018
7225795,0.09989884627395916,0.3201733703755701,0.5799277833504708
7095668,0.05524649137219316,0.10455755015255977,0.8401959584752472
7234386,0.35712102299517606,0.37372670834256033,0.2691522686622636
7230215,0.5492289234803218,0.3001648187202265,0.15060625779945178
7127331,0.0530451484453079,0.10203029438399375,0.8449245571706983
7167945,0.2515959176630418,0.4101577732434218,0.3382463090935365
7190799,0.37217819196116225,0.36665684535239407,0.26116496268644357
7120422,0.37632253889422856,0.386017413435494,0.2376600476702775
7220083,0.3795918610162995,0.3762025272407944,0.24420561174290598
7103388,0.5475698641794475,0.29887624984700895,0.15355388597354358
7163634,0.5632346772990868,0.28032512193240444,0.15644020076850879
7124748,0.33333333333333337,0.33333333333333337,0.33333333333333337
7220833,0.27385496699708967,0.39615064127315547,0.329994391729755
7214952,0.03846156804736004,0.1923078402368002,0.7692305917158399
7116891,0.39029905298931494,0.37967091941501513,0.23003002759566998
7137270,0.0562898667365499,0.10164549362499395,0.8420646396384561
7137935,0.10144067766085879,0.32039551819664636,0.5781638041424949
7150092,0.4983846426264454,0.3230926618663324,0.1785226955072222
7144140,0.37401184685717936,0.3828052803903825,0.24318287275243805
7100389,0.5382236633813502,0.307118907121406,0.1546574294972438
7221077,0.27385496699708967,0.39615064127315547,0.329994391729755
7219078,0.33333333333333337,0.33333333333333337,0.33333333333333337
7095541,0.03846156804736004,0.1923078402368002,0.7692305917158399
7203328,0.5262757055041507,0.31059826043749783,0.16312603405835138
7087981,0.3795918610162995,0.3762025272407944,0.24420561174290598
7229492,0.37217819196116225,0.36665684535239407,0.26116496268644357
7206615,0.03846156804736004,0.1923078402368002,0.7692305917158399
7120758,0.03846156804736004,0.1923078402368002,0.7692305917158399
7107623,0.33333333333333337,0.33333333333333337,0.33333333333333337
7136685,0.1870330860363026,0.40735429861244454,0.405612615351253
7146873,0.5025173511797671,0.32119753307137494,0.17628511574885794
7173496,0.08030063783596049,0.16355094298027295,0.7561484191837666
7223131,0.438490697567494,0.35581299832557584,0.20569630410693018
7126261,0.5475698641794475,0.29887624984700895,0.15355388597354358
7153662,0.438490697567494,0.35581299832557584,0.20569630410693018
7096174,0.35760036825563246,0.3734285772004124,0.26897105454395503
7169773,0.45259370635301066,0.34929040461137334,0.19811588903561594
7166336,0.438490697567494,0.35581299832557584,0.20569630410693018
7214496,0.1279438404990249,0.3601067147589565,0.5119494447420185
7132195,0.05880402449127177,0.1097905833959781,0.8314053921127501
7105198,0.03846156804736004,0.1923078402368002,0.7692305917158399
7105648,0.33333333333333337,0.33333333333333337,0.33333333333333337
7112992,0.18636174331499394,0.4081256874677549,0.4055125692172513
7192198,0.33333333333333337,0.33333333333333337,0.33333333333333337
7105389,0.3836387923882046,0.38577206620662036,0.23058914140517503
7120917,0.4479295582963433,0.35161630620191753,0.20045413550173924
7136806,0.5231053180965523,0.31166866972409546,0.16522601217935223
7109319,0.05583054655359032,0.10198709938681365,0.8421823540595961
7115282,0.14649263846722754,0.3756246587467851,0.4778827027859874
7146676,0.4292314313206161,0.36151075068791194,0.20925781799147197
7215893,0.33333333333333337,0.33333333333333337,0.33333333333333337
7165629,0.39567948964424937,0.376674314917957,0.22764619543779363
7219540,0.37834165440475653,0.37226958152538675,0.24938876406985672
7136465,0.5231053180965523,0.31166866972409546,0.16522601217935223
7232225,0.42151117703024743,0.3639349776516456,0.2145538453181069
7105202,0.03846156804736004,0.1923078402368002,0.7692305917158399
7126430,0.06355687760413657,0.1198353918398234,0.81660773055604
7111867,0.33333333333333337,0.33333333333333337,0.33333333333333337
7146798,0.09144471888512204,0.2011775839186477,0.7073776971962302
7092134,0.5105320936957572,0.32004514115458726,0.16942276514965549
7156595,0.5531493019331384,0.2863201206322097,0.16053057743465182
7230524,0.35855725015103274,0.3730572075458167,0.2683855423031504
7096089,0.45630760455185126,0.348290837402406,0.19540155804574275
7204276,0.37401184685717936,0.3828052803903825,0.24318287275243805
7187503,0.21109690448704768,0.4085489915970751,0.3803541039158772
7157119,0.27861053696014215,0.3925521177001504,0.3288373453397075
7205310,0.25136136508268303,0.4114578817801068,0.33718075313721013
7116785,0.45259370635301066,0.34929040461137334,0.19811588903561594
7220345,0.3767037774219222,0.3709334875450816,0.2523627350329963
7213335,0.33333333333333337,0.33333333333333337,0.33333333333333337
7226774,0.17276838449900764,0.3957855642207393,0.431446051280253
7139673,0.21821706472332525,0.40988365217554534,0.37189928310112946
7158994,0.0530451484453079,0.10203029438399375,0.8449245571706983
7233238,0.03846156804736004,0.1923078402368002,0.7692305917158399
7139917,0.549044864198394,0.30049156479360895,0.1504635710079971
7141300,0.5187821098162442,0.31194834611385897,0.16926954406989675
7145411,0.03846156804736004,0.1923078402368002,0.7692305917158399
7207430,0.557219462693857,0.296884147358483,0.14589638994765997
7125901,0.45630760455185126,0.348290837402406,0.19540155804574275
7148635,0.3836387923882046,0.38577206620662036,0.23058914140517503
7190493,0.33333333333333337,0.33333333333333337,0.33333333333333337
7183609,0.5105320936957572,0.32004514115458726,0.16942276514965549
7105489,0.09652991180344235,0.27932183917103054,0.6241482490255271
7199702,0.14649263846722754,0.3756246587467851,0.4778827027859874
7232177,0.03846156804736004,0.1923078402368002,0.7692305917158399
7699396,0.5462356209214478,0.301439025012585,0.15232535406596706
7187542,0.14649263846722754,0.3756246587467851,0.4778827027859874
7203495,0.2391150290101702,0.41068618266576845,0.3501987883240613
7154804,0.33333333333333337,0.33333333333333337,0.33333333333333337
7213096,0.5412672822165894,0.3069762768027805,0.1517564409806302
7229112,0.03846156804736004,0.1923078402368002,0.7692305917158399
7195985,0.4046458518664882,0.37348695438384444,0.22186719374966735
7128989,0.5492289234803218,0.3001648187202265,0.15060625779945178
7201340,0.5475698641794475,0.29887624984700895,0.15355388597354358
7160416,0.5227840093491191,0.3102528258160003,0.16696316483488075
7145487,0.21964971892637106,0.40982439775395657,0.37052588331967246
7132045,0.42151117703024743,0.3639349776516456,0.2145538453181069
7127946,0.33333333333333337,0.33333333333333337,0.33333333333333337
7164531,0.39727607120507097,0.37590435256745675,0.22681957622747226
7221942,0.37401184685717936,0.3828052803903825,0.24318287275243805
7192439,0.5227840093491191,0.3102528258160003,0.16696316483488075
7140922,0.06293265433995221,0.11598754879690289,0.821079796863145
7181426,0.5336249984928458,0.3090520829134399,0.15732291859371433
7088015,0.03846156804736004,0.1923078402368002,0.7692305917158399
7162106,0.2577203512669638,0.4078799978953991,0.3343996508376371
7138311,0.33333333333333337,0.33333333333333337,0.33333333333333337
7188806,0.4479295582963433,0.35161630620191753,0.20045413550173924
7164370,0.2786930116231867,0.39300362335105965,0.32830336502575375
7162259,0.37217819196116225,0.36665684535239407,0.26116496268644357
7131606,0.33333333333333337,0.33333333333333337,0.33333333333333337
7204441,0.5371434862448049,0.3075675858518349,0.1552889279033602
7189092,0.503160175921359,0.3209892953160445,0.17585052876259658
7119739,0.5231053180965523,0.31166866972409546,0.16522601217935223
7099579,0.4292314313206161,0.36151075068791194,0.20925781799147197
7164940,0.3795918610162995,0.3762025272407944,0.24420561174290598
7091677,0.03846156804736004,0.1923078402368002,0.7692305917158399
7159173,0.3795918610162995,0.3762025272407944,0.24420561174290598
7144584,0.2109633905936742,0.40896493740502793,0.38007167200129793
7170465,0.05510772240464262,0.11083137679999013,0.8340609007953673
7145105,0.4126855818950397,0.3681807598031506,0.21913365830180967
7174989,0.09782505891593533,0.2831265826148017,0.619048358469263
7187660,0.05576886388042754,0.10406122572249292,0.8401699103970796
7101204,0.438490697567494,0.35581299832557584,0.20569630410693018
7174250,0.4699707473973082,0.3391037910996328,0.19092546150305897
7206561,0.4983846426264454,0.3230926618663324,0.1785226955072222
7168239,0.08619687895874395,0.1765965961746702,0.7372065248665858
7115466,0.3767037774219222,0.3709334875450816,0.2523627350329963
7150492,0.45630760455185126,0.348290837402406,0.19540155804574275
7200687,0.438490697567494,0.35581299832557584,0.20569630410693018
7118336,0.42151117703024743,0.3639349776516456,0.2145538453181069
7113766,0.09989884627395916,0.3201733703755701,0.5799277833504708
7234398,0.4292314313206161,0.36151075068791194,0.20925781799147197
7219996,0.09808766229822709,0.23872253348515451,0.6631898042166184
7166766,0.4271380962881615,0.3609102915976991,0.21195161211413932
7168961,0.5514725443022874,0.29867342860627444,0.14985402709143805
7091303,0.17227582725752202,0.39470377046404964,0.4330204022784283
7113377,0.37217819196116225,0.36665684535239407,0.26116496268644357
7116917,0.5025173511797671,0.32119753307137494,0.17628511574885794
7157778,0.3836387923882046,0.38577206620662036,0.23058914140517503
7143672,0.055171672797424534,0.10121667839752747,0.8436116488050479
7185468,0.2109633905936742,0.40896493740502793,0.38007167200129793
7209367,0.5361941611188354,0.3080939264162617,0.15571191246490287
7131313,0.35855725015103274,0.3730572075458167,0.2683855423031504
7090615,0.37882539309669777,0.3732442224005612,0.24793038450274088
7119653,0.4699707473973082,0.3391037910996328,0.19092546150305897
7214357,0.03846156804736004,0.1923078402368002,0.7692305917158399
7190958,0.5563852240524794,0.28415450827216776,0.15946026767535296
7185090,0.05527243002196236,0.10303191709739182,0.8416956528806459
7106402,0.13282582449493402,0.36657330732569393,0.5006008681793721
7091710,0.06632043049401323,0.12431880219430316,0.8093607673116836
7229732,0.03846156804736004,0.1923078402368002,0.7692305917158399
7191894,0.5607936704744518,0.29413227230999106,0.1450740572155571
7110757,0.3836387923882046,0.38577206620662036,0.23058914140517503
7099217,0.5262757055041507,0.31059826043749783,0.16312603405835138
7225712,0.2109633905936742,0.40896493740502793,0.38007167200129793
7168382,0.4292314313206161,0.36151075068791194,0.20925781799147197
7233700,0.4126855818950397,0.3681807598031506,0.21913365830180967
7194838,0.567416497915033,0.28203394520562636,0.1505495568793405
7087718,0.37217819196116225,0.36665684535239407,0.26116496268644357
7176108,0.5607936704744518,0.29413227230999106,0.1450740572155571
7208072,0.33333333333333337,0.33333333333333337,0.33333333333333337
7223233,0.40893652094117183,0.37125935500120605,0.2198041240576221
7142533,0.5424535126782964,0.3055716581988404,0.1519748291228632
7102561,0.43295346501205867,0.3598151656014895,0.20723136938645184
7151758,0.4126855818950397,0.3681807598031506,0.21913365830180967
7155462,0.5105320936957572,0.32004514115458726,0.16942276514965549
7192662,0.25170969464468823,0.40949254261605655,0.33879776273925527
7158810,0.07255461758194466,0.1341882834171986,0.7932570990008567
7170591,0.557219462693857,0.296884147358483,0.14589638994765997
7300648,0.567416497915033,0.28203394520562636,0.1505495568793405
7147363,0.33333333333333337,0.33333333333333337,0.33333333333333337
7099751,0.5187821098162442,0.31194834611385897,0.16926954406989675
7210590,0.05461233970911549,0.10128282053126436,0.8441048397596203
7153703,0.5336249984928458,0.3090520829134399,0.15732291859371433
7204272,0.5496428497014533,0.2975872396553373,0.15276991064320944
7121308,0.3779889282043622,0.3867991578469946,0.23521191394864324
7168526,0.5187821098162442,0.31194834611385897,0.16926954406989675
7114682,0.27385496699708967,0.39615064127315547,0.329994391729755
7223738,0.13516985085564368,0.36747069271687705,0.49735945642747936
7134558,0.4699707473973082,0.3391037910996328,0.19092546150305897
7226520,0.27861053696014215,0.3925521177001504,0.3288373453397075
7112715,0.1715666552694857,0.3904820144395633,0.437951330290951
7087774,0.5336249984928458,0.3090520829134399,0.15732291859371433
7161513,0.39727607120507097,0.37590435256745675,0.22681957622747226
7179526,0.21999994084396562,0.4164309067293381,0.3635691524266962
7224031,0.33333333333333337,0.33333333333333337,0.33333333333333337
7207741,0.5262757055041507,0.31059826043749783,0.16312603405835138
7106492,0.438490697567494,0.35581299832557584,0.20569630410693018
7158913,0.5306171709789501,0.3110693145551009,0.15831351446594893
7173462,0.33333333333333337,0.33333333333333337,0.33333333333333337
7200621,0.4983846426264454,0.3230926618663324,0.1785226955072222
7187028,0.4983846426264454,0.3230926618663324,0.1785226955072222
7125363,0.273272296320569,0.39598219910000376,0.3307455045794273
7130366,0.17237079875079098,0.39004826017649885,0.4375809410727101
7139958,0.11156559022179618,0.3412052585129979,0.5472291512652059
7208769,0.2386875647612252,0.410754185117194,0.35055825012158076
7103416,0.2321223551304389,0.4092525595906711,0.35862508527888987
7090765,0.45630760455185126,0.348290837402406,0.19540155804574275
7117601,0.4126855818950397,0.3681807598031506,0.21913365830180967
7137984,0.075143170795055,0.1422752665354302,0.7825815626695147
7100838,0.5336249984928458,0.3090520829134399,0.15732291859371433
7144427,0.438490697567494,0.35581299832557584,0.20569630410693018
7135068,0.03846156804736004,0.1923078402368002,0.7692305917158399
7202577,0.37401184685717936,0.3828052803903825,0.24318287275243805
7156817,0.25609566080117907,0.40996829868212087,0.3339360405167
7137239,0.3795918610162995,0.3762025272407944,0.24420561174290598
7206216,0.03846156804736004,0.1923078402368002,0.7692305917158399
7110900,0.42547438254300185,0.3623196707423105,0.21220594671468762
7214414,0.18721583505228148,0.40714654645185777,0.40563761849586066
7130424,0.557219462693857,0.296884147358483,0.14589638994765997
7152362,0.0893831643588965,0.19803245969948047,0.7125843759416232
7088531,0.17339188865693425,0.39024667813239644,0.4363614332106693
7168341,0.1036578651240113,0.3272745739906338,0.5690675608853549
7159381,0.08056026485314668,0.17067287119732225,0.7487668639495311
7164902,0.567416497915033,0.28203394520562636,0.1505495568793405
7124373,0.10958253097303935,0.3411620473774155,0.5492554216495452
7230906,0.33333333333333337,0.33333333333333337,0.33333333333333337
7184708,0.2515959176630418,0.4101577732434218,0.3382463090935365
7193065,0.03846156804736004,0.1923078402368002,0.7692305917158399
7166642,0.529811319834735,0.30956910288955936,0.16061957727570564
7224785,0.37217819196116225,0.36665684535239407,0.26116496268644357
7119275,0.5227840093491191,0.3102528258160003,0.16696316483488075
7157285,0.10144067766085879,0.32039551819664636,0.5781638041424949
7217806,0.4983846426264454,0.3230926618663324,0.1785226955072222
7091219,0.2786930116231867,0.39300362335105965,0.32830336502575375
7135976,0.03846156804736004,0.1923078402368002,0.7692305917158399
7201922,0.05717185775189545,0.10391578767229191,0.8389123545758127
7170059,0.18636174331499394,0.4081256874677549,0.4055125692172513
7129328,0.5134334690734541,0.3187682081705142,0.16779832275603168
7160501,0.11156559022179618,0.3412052585129979,0.5472291512652059
7167754,0.2321223551304389,0.4092525595906711,0.35862508527888987
7215169,0.34947936384790385,0.3752116437950796,0.27530899235701656
7130741,0.05231729327230882,0.10231333875175566,0.8453693679759355
7157915,0.567416497915033,0.28203394520562636,0.1505495568793405
7153893,0.37882539309669777,0.3732442224005612,0.24793038450274088
7175290,0.055625276136083535,0.10033961188948624,0.8440351119744303
7222894,0.19761335509383765,0.4078812211722728,0.3945054237338895
7143730,0.1118907572040803,0.3416106995388651,0.5464985432570547
7127900,0.21821706472332525,0.40988365217554534,0.37189928310112946
7096090,0.03846156804736004,0.1923078402368002,0.7692305917158399
7143025,0.27385496699708967,0.39615064127315547,0.329994391729755
7117553,0.1279438404990249,0.3601067147589565,0.5119494447420185
7185559,0.4126855818950397,0.3681807598031506,0.21913365830180967
7232795,0.5105320936957572,0.32004514115458726,0.16942276514965549
7095707,0.11156559022179618,0.3412052585129979,0.5472291512652059
7198777,0.5032103739369216,0.3210052349425095,0.17578439112056884
7123382,0.5336249984928458,0.3090520829134399,0.15732291859371433
7158186,0.33333333333333337,0.33333333333333337,0.33333333333333337
7126821,0.5531493019331384,0.2863201206322097,0.16053057743465182
7171981,0.14806661515447594,0.3755044762130664,0.4764289086324576
7147974,0.3779015858136517,0.3866474534461376,0.2354509607402108
7090493,0.45259370635301066,0.34929040461137334,0.19811588903561594
7092218,0.5648815145323696,0.2827352545974689,0.15238323087016148
7088124,0.06758206604139678,0.12828850683705342,0.8041294271215498
7187536,0.37882539309669777,0.3732442224005612,0.24793038450274088
7088568,0.10144067766085879,0.32039551819664636,0.5781638041424949
7166833,0.05880402449127177,0.1097905833959781,0.8314053921127501
7088798,0.33333333333333337,0.33333333333333337,0.33333333333333337
7204708,0.4603995825419788,0.34635926312934834,0.19324115432867292
7103044,0.2786930116231867,0.39300362335105965,0.32830336502575375
7194049,0.14930171395409664,0.37528607923498203,0.4754122068109213
7169942,0.03846156804736004,0.1923078402368002,0.7692305917158399
7170318,0.5187821098162442,0.31194834611385897,0.16926954406989675
7165386,0.4971280500966422,0.3242349865114276,0.17863696339193022
7206346,0.41318289432480454,0.36677264505464885,0.2200444606205466
7208337,0.39029905298931494,0.37967091941501513,0.23003002759566998
7140820,0.09989884627395916,0.3201733703755701,0.5799277833504708
7194486,0.5231053180965523,0.31166866972409546,0.16522601217935223
7105614,0.27385496699708967,0.39615064127315547,0.329994391729755
7178265,0.13516985085564368,0.36747069271687705,0.49735945642747936
7439407,0.33333333333333337,0.33333333333333337,0.33333333333333337
7135550,0.17276838449900764,0.3957855642207393,0.431446051280253
7092435,0.1279438404990249,0.3601067147589565,0.5119494447420185
7189120,0.5306171709789501,0.3110693145551009,0.15831351446594893
7127815,0.4292314313206161,0.36151075068791194,0.20925781799147197
7099446,0.45630760455185126,0.348290837402406,0.19540155804574275
7123391,0.27385496699708967,0.39615064127315547,0.329994391729755
7227520,0.4479295582963433,0.35161630620191753,0.20045413550173924
7141615,0.0893831643588965,0.19803245969948047,0.7125843759416232
7185499,0.5632346772990868,0.28032512193240444,0.15644020076850879
7150727,0.5105320936957572,0.32004514115458726,0.16942276514965549
7115250,0.3996790624137536,0.375094396047854,0.2252265415383924
7182954,0.5244898340744675,0.3104823137833292,0.16502785214220345
7212945,0.5105320936957572,0.32004514115458726,0.16942276514965549
7214737,0.5306171709789501,0.3110693145551009,0.15831351446594893
7162022,0.37217819196116225,0.36665684535239407,0.26116496268644357
7184817,0.03846156804736004,0.1923078402368002,0.7692305917158399
7126169,0.4046458518664882,0.37348695438384444,0.22186719374966735
7218092,0.380875911543144,0.3846961084368103,0.23442798002004564
7130017,0.33333333333333337,0.33333333333333337,0.33333333333333337
7158870,0.2786930116231867,0.39300362335105965,0.32830336502575375
7185260,0.27341319598580355,0.39530759249788544,0.33127921151631096
7133320,0.15312796842255988,0.3748095419880177,0.4720624895894224
7134086,0.03846156804736004,0.1923078402368002,0.7692305917158399
7115154,0.055764427700702855,0.10165542670459309,0.8425801455947041
7223279,0.05583054655359032,0.10198709938681365,0.8421823540595961
7135324,0.5452899569437634,0.3019664150465622,0.1527436280096745
7140186,0.06293265433995221,0.11598754879690289,0.821079796863145
7208829,0.43383240327064077,0.3594809821144919,0.20668661461486737
7195591,0.5632346772990868,0.28032512193240444,0.15644020076850879
7132576,0.5222131668673495,0.3103710860224492,0.16741574711020132
7128756,0.3836387923882046,0.38577206620662036,0.23058914140517503
7124104,0.45630760455185126,0.348290837402406,0.19540155804574275
7096061,0.03846156804736004,0.1923078402368002,0.7692305917158399
7152668,0.33333333333333337,0.33333333333333337,0.33333333333333337
7146106,0.4479295582963433,0.35161630620191753,0.20045413550173924
7162304,0.03846156804736004,0.1923078402368002,0.7692305917158399
7138891,0.03846156804736004,0.1923078402368002,0.7692305917158399
7145131,0.15899976580168948,0.3805867053103299,0.4604135288879806
7109739,0.273272296320569,0.39598219910000376,0.3307455045794273
7121138,0.33333333333333337,0.33333333333333337,0.33333333333333337
7119893,0.49164320485615987,0.32631644958152084,0.18204034556231924
7180107,0.33333333333333337,0.33333333333333337,0.33333333333333337
7197581,0.18076536480184813,0.3958130271186049,0.42342160807954704
7146503,0.4699707473973082,0.3391037910996328,0.19092546150305897
7165066,0.5262757055041507,0.31059826043749783,0.16312603405835138
7126403,0.4603995825419788,0.34635926312934834,0.19324115432867292
7152179,0.053040248361998776,0.10463659553540933,0.8423231561025918
7113375,0.5475698641794475,0.29887624984700895,0.15355388597354358
7228553,0.25170969464468823,0.40949254261605655,0.33879776273925527
7200224,0.14930171395409664,0.37528607923498203,0.4754122068109213
7111118,0.25593141522061136,0.41016065499399634,0.33390792978539235
7159977,0.2396549272854887,0.4120600537074787,0.3482850190070325
7156707,0.4853524880510823,0.32977704855785467,0.18487046339106297
7101317,0.17215471468543456,0.3947057051465581,0.43313958016800735
7225762,0.37520709766488364,0.36931419793866455,0.25547870439645187
7208269,0.25170969464468823,0.40949254261605655,0.33879776273925527
7093542,0.056707120981937344,0.10254103388584382,0.8407518451322188
7165907,0.33333333333333337,0.33333333333333337,0.33333333333333337
7170729,0.39029905298931494,0.37967091941501513,0.23003002759566998
7132997,0.438490697567494,0.35581299832557584,0.20569630410693018
7118099,0.25609566080117907,0.40996829868212087,0.3339360405167
7091365,0.05408987991183567,0.10950205894429013,0.8364080611438742
7140656,0.07043366770275729,0.13067291683222648,0.7988934154650164
7158052,0.567416497915033,0.28203394520562636,0.1505495568793405
7099910,0.03846156804736004,0.1923078402368002,0.7692305917158399
7150580,0.5187821098162442,0.31194834611385897,0.16926954406989675
7098239,0.5475698641794475,0.29887624984700895,0.15355388597354358
7197078,0.25170969464468823,0.40949254261605655,0.33879776273925527
7162719,0.09543359589609932,0.23443553230549674,0.6701308717984039
7211853,0.4126855818950397,0.3681807598031506,0.21913365830180967
7097605,0.18636174331499394,0.4081256874677549,0.4055125692172513
7101194,0.39029905298931494,0.37967091941501513,0.23003002759566998
7133240,0.5571453595609301,0.28292875306967824,0.15992588736939148
7108891,0.4006516894152704,0.3749404292137823,0.2244078813709474
7117383,0.09782505891593533,0.2831265826148017,0.619048358469263
7093570,0.438490697567494,0.35581299832557584,0.20569630410693018
7227943,0.33333333333333337,0.33333333333333337,0.33333333333333337
7188441,0.33333333333333337,0.33333333333333337,0.33333333333333337
7123083,0.5475698641794475,0.29887624984700895,0.15355388597354358
7200547,0.5187821098162442,0.31194834611385897,0.16926954406989675
7112964,0.5025173511797671,0.32119753307137494,0.17628511574885794
7196283,0.09763095143662419,0.31951822115893624,0.5828508274044396
7122998,0.03846156804736004,0.1923078402368002,0.7692305917158399
7143211,0.2515959176630418,0.4101577732434218,0.3382463090935365
7096958,0.438490697567494,0.35581299832557584,0.20569630410693018
7212066,0.33333333333333337,0.33333333333333337,0.33333333333333337
7224977,0.21028345705992024,0.4125020618068711,0.37721448113320866
7164077,0.053040248361998776,0.10463659553540933,0.8423231561025918
7189663,0.35662869666256436,0.37301049026867394,0.27036081306876164
7191992,0.3800800321145869,0.3844988480571631,0.2354211198282499
7096628,0.19945474348095996,0.40738073077603515,0.39316452574300476
7128513,0.2515959176630418,0.4101577732434218,0.3382463090935365
7145258,0.09083518117200431,0.19924696659916405,0.7099178522288316
7121447,0.09543359589609932,0.23443553230549674,0.6701308717984039
7175233,0.5231053180965523,0.31166866972409546,0.16522601217935223
7214718,0.03846156804736004,0.1923078402368002,0.7692305917158399
7097227,0.33333333333333337,0.33333333333333337,0.33333333333333337
7129717,0.5490157071035164,0.29766801788415254,0.15331627501233105
7213268,0.5025173511797671,0.32119753307137494,0.17628511574885794
7215152,0.25609566080117907,0.40996829868212087,0.3339360405167
7116433,0.03846156804736004,0.1923078402368002,0.7692305917158399
7134839,0.08577362943661093,0.1767130204914999,0.7375133500718891
7132340,0.18048905200029328,0.39502490099428855,0.42448604700541814
7178261,0.4046458518664882,0.37348695438384444,0.22186719374966735
7110722,0.2318239628520422,0.41035554655853307,0.3578204905894247
7117144,0.09760892951544456,0.2820168946302617,0.6203741758542938
7105336,0.37632253889422856,0.386017413435494,0.2376600476702775
7099855,0.4983846426264454,0.3230926618663324,0.1785226955072222
7230152,0.5105320936957572,0.32004514115458726,0.16942276514965549
7231519,0.4479295582963433,0.35161630620191753,0.20045413550173924
7145921,0.5424535126782964,0.3055716581988404,0.1519748291228632
7110847,0.27385496699708967,0.39615064127315547,0.329994391729755
7112314,0.03846156804736004,0.1923078402368002,0.7692305917158399
7104891,0.2318239628520422,0.41035554655853307,0.3578204905894247
7172700,0.5231053180965523,0.31166866972409546,0.16522601217935223
7200298,0.2515959176630418,0.4101577732434218,0.3382463090935365
7171498,0.4292314313206161,0.36151075068791194,0.20925781799147197
7154611,0.438490697567494,0.35581299832557584,0.20569630410693018
7527148,0.4046458518664882,0.37348695438384444,0.22186719374966735
7157154,0.5262757055041507,0.31059826043749783,0.16312603405835138
7137663,0.05231729327230882,0.10231333875175566,0.8453693679759355
7195515,0.03846156804736004,0.1923078402368002,0.7692305917158399
7217169,0.5441330292999933,0.3034094274692758,0.1524575432307309
7209350,0.06293265433995221,0.11598754879690289,0.821079796863145
7163306,0.37882539309669777,0.3732442224005612,0.24793038450274088
7197474,0.4046458518664882,0.37348695438384444,0.22186719374966735
7231004,0.11187953949881178,0.3416625989677491,0.5464578615334391
7159380,0.2109633905936742,0.40896493740502793,0.38007167200129793
7123572,0.10144067766085879,0.32039551819664636,0.5781638041424949
7191368,0.5187821098162442,0.31194834611385897,0.16926954406989675
7152555,0.11156559022179618,0.3412052585129979,0.5472291512652059
7216308,0.39029905298931494,0.37967091941501513,0.23003002759566998
7089607,0.053040248361998776,0.10463659553540933,0.8423231561025918
7146576,0.37217819196116225,0.36665684535239407,0.26116496268644357
7226283,0.33333333333333337,0.33333333333333337,0.33333333333333337
7154617,0.25170969464468823,0.40949254261605655,0.33879776273925527
7155290,0.09757987814925936,0.28275015486207206,0.6196699669886686
7088441,0.14649263846722754,0.3756246587467851,0.4778827027859874
7193312,0.4046458518664882,0.37348695438384444,0.22186719374966735
7221535,0.33333333333333337,0.33333333333333337,0.33333333333333337
7142402,0.03846156804736004,0.1923078402368002,0.7692305917158399
7135382,0.3767037774219222,0.3709334875450816,0.2523627350329963
7152982,0.0562898667365499,0.10164549362499395,0.8420646396384561
7158841,0.4853524880510823,0.32977704855785467,0.18487046339106297
7106533,0.06293265433995221,0.11598754879690289,0.821079796863145
7112395,0.33333333333333337,0.33333333333333337,0.33333333333333337
7154174,0.438490697567494,0.35581299832557584,0.20569630410693018
7091023,0.39029905298931494,0.37967091941501513,0.23003002759566998
7135662,0.08789513910079814,0.19608596905958545,0.7160188918396163
7116134,0.4271165856407184,0.36089350664639863,0.21198990771288298
7234345,0.09628603739623592,0.2545699131263771,0.6491440494773869
7193206,0.33333333333333337,0.33333333333333337,0.33333333333333337
7216912,0.0562898667365499,0.10164549362499395,0.8420646396384561
7095936,0.2750293671906217,0.3921871899797547,0.3327834428296237
7093169,0.35855725015103274,0.3730572075458167,0.2683855423031504
7144609,0.5653348985188557,0.2819448906860566,0.15272021079508769
7167712,0.5607936704744518,0.29413227230999106,0.1450740572155571
7231483,0.21109690448704768,0.4085489915970751,0.3803541039158772
7206594,0.5475698641794475,0.29887624984700895,0.15355388597354358
7202822,0.33333333333333337,0.33333333333333337,0.33333333333333337
7225587,0.5385389486880171,0.30686184938007205,0.15459920193191082
7123487,0.37401184685717936,0.3828052803903825,0.24318287275243805
7211664,0.42547438254300185,0.3623196707423105,0.21220594671468762
7222295,0.4699707473973082,0.3391037910996328,0.19092546150305897
7158858,0.03846156804736004,0.1923078402368002,0.7692305917158399
7167084,0.2109633905936742,0.40896493740502793,0.38007167200129793
7147023,0.03846156804736004,0.1923078402368002,0.7692305917158399
7151465,0.5475698641794475,0.29887624984700895,0.15355388597354358
7222897,0.2515959176630418,0.4101577732434218,0.3382463090935365
7141466,0.4021681709318638,0.37337292673086947,0.22445890233726673
7151245,0.33333333333333337,0.33333333333333337,0.33333333333333337
7092884,0.557219462693857,0.296884147358483,0.14589638994765997
7180533,0.03846156804736004,0.1923078402368002,0.7692305917158399
7098208,0.5223861334412604,0.3102793619480273,0.16733450461071236
7205075,0.4126855818950397,0.3681807598031506,0.21913365830180967
7219170,0.2786930116231867,0.39300362335105965,0.32830336502575375
7114428,0.4971280500966422,0.3242349865114276,0.17863696339193022
7167998,0.03846156804736004,0.1923078402368002,0.7692305917158399
7201569,0.2786930116231867,0.39300362335105965,0.32830336502575375
7195872,0.1715666552694857,0.3904820144395633,0.437951330290951
7116018,0.27385496699708967,0.39615064127315547,0.329994391729755
7134452,0.5412672822165894,0.3069762768027805,0.1517564409806302
7126258,0.4983846426264454,0.3230926618663324,0.1785226955072222
7159955,0.08279204435193883,0.17304368779998774,0.7441642678480734
7202040,0.39029905298931494,0.37967091941501513,0.23003002759566998
7138245,0.03846156804736004,0.1923078402368002,0.7692305917158399
7131617,0.5029569696309394,0.32119721534184104,0.17584581502721963
7092359,0.5105320936957572,0.32004514115458726,0.16942276514965549
7171511,0.5187821098162442,0.31194834611385897,0.16926954406989675
7221698,0.33333333333333337,0.33333333333333337,0.33333333333333337
7156581,0.5231053180965523,0.31166866972409546,0.16522601217935223
7192499,0.09757987814925936,0.28275015486207206,0.6196699669886686
7135284,0.03846156804736004,0.1923078402368002,0.7692305917158399
7171847,0.5424535126782964,0.3055716581988404,0.1519748291228632
7222777,0.09162667546906722,0.20251846075440852,0.7058548637765243
7171334,0.37217819196116225,0.36665684535239407,0.26116496268644357
7171255,0.5653348985188557,0.2819448906860566,0.15272021079508769
7177354,0.33333333333333337,0.33333333333333337,0.33333333333333337
7168405,0.05583054655359032,0.10198709938681365,0.8421823540595961
7092661,0.4699707473973082,0.3391037910996328,0.19092546150305897
7099405,0.4292314313206161,0.36151075068791194,0.20925781799147197
7137567,0.5231053180965523,0.31166866972409546,0.16522601217935223
7197379,0.33333333333333337,0.33333333333333337,0.33333333333333337
7211473,0.33333333333333337,0.33333333333333337,0.33333333333333337
7206690,0.06293265433995221,0.11598754879690289,0.821079796863145
7168685,0.4046458518664882,0.37348695438384444,0.22186719374966735
7186108,0.12776347938243807,0.3601255489205786,0.5121109716969834
7233078,0.39029905298931494,0.37967091941501513,0.23003002759566998
7193452,0.03846156804736004,0.1923078402368002,0.7692305917158399
7092293,0.4971280500966422,0.3242349865114276,0.17863696339193022
7154744,0.05717185775189545,0.10391578767229191,0.8389123545758127
7177795,0.42547438254300185,0.3623196707423105,0.21220594671468762
7217396,0.05558629788380589,0.10374308996872127,0.8406706121474727
7099774,0.5036934622539181,0.32057694858067254,0.17572958916540934
7151829,0.12776347938243807,0.3601255489205786,0.5121109716969834
7218278,0.37401184685717936,0.3828052803903825,0.24318287275243805
7096347,0.4983846426264454,0.3230926618663324,0.1785226955072222
7091265,0.03846156804736004,0.1923078402368002,0.7692305917158399
7096577,0.2318239628520422,0.41035554655853307,0.3578204905894247
7205100,0.557219462693857,0.296884147358483,0.14589638994765997
7172104,0.5283484240045949,0.3099917381895714,0.1616598378058337
7226090,0.03846156804736004,0.1923078402368002,0.7692305917158399
7120664,0.05583054655359032,0.10198709938681365,0.8421823540595961
7148368,0.5648815145323696,0.2827352545974689,0.15238323087016148
7139805,0.20158461227476943,0.41321812636962685,0.3851972613556037
7114148,0.052241260002069356,0.10241043073877802,0.8453483092591525
7233179,0.03846156804736004,0.1923078402368002,0.7692305917158399
7188271,0.06632043049401323,0.12431880219430316,0.8093607673116836
7207487,0.567416497915033,0.28203394520562636,0.1505495568793405
7156246,0.37632253889422856,0.386017413435494,0.2376600476702775
7149549,0.09740901040839074,0.25783026646374047,0.6447607231278688
7167990,0.5306171709789501,0.3110693145551009,0.15831351446594893
7173161,0.551699182899439,0.29691978894787474,0.1513810281526862
7104485,0.4021681709318638,0.37337292673086947,0.22445890233726673
7105791,0.39029905298931494,0.37967091941501513,0.23003002759566998
7531296,0.33333333333333337,0.33333333333333337,0.33333333333333337
7202274,0.398993197682538,0.3751471719854162,0.22585963033204592
7233364,0.4292314313206161,0.36151075068791194,0.20925781799147197
7127434,0.33333333333333337,0.33333333333333337,0.33333333333333337
7208396,0.2321223551304389,0.4092525595906711,0.35862508527888987
7223730,0.5514725443022874,0.29867342860627444,0.14985402709143805
7104340,0.03846156804736004,0.1923078402368002,0.7692305917158399
7110181,0.18721583505228148,0.40714654645185777,0.40563761849586066
7148577,0.567416497915033,0.28203394520562636,0.1505495568793405
7104852,0.4971280500966422,0.3242349865114276,0.17863696339193022
7147973,0.5283484240045949,0.3099917381895714,0.1616598378058337
7230600,0.49164320485615987,0.32631644958152084,0.18204034556231924
7103439,0.15899976580168948,0.3805867053103299,0.4604135288879806
7106684,0.0893831643588965,0.19803245969948047,0.7125843759416232
7172862,0.0974325951725538,0.2801660576881757,0.6224013471392705
7217259,0.5014603770245679,0.3221508924228543,0.17638873055257773
7190422,0.055764427700702855,0.10165542670459309,0.8425801455947041
7221374,0.2318239628520422,0.41035554655853307,0.3578204905894247
7117955,0.05880402449127177,0.1097905833959781,0.8314053921127501
7091822,0.37983879428433936,0.3723934620379321,0.2477677436777285
7099429,0.39029905298931494,0.37967091941501513,0.23003002759566998
7225137,0.03846156804736004,0.1923078402368002,0.7692305917158399
7189025,0.5306171709789501,0.3110693145551009,0.15831351446594893
7219275,0.05214162187818305,0.10254219486302753,0.8453161832587893
7153520,0.33333333333333337,0.33333333333333337,0.33333333333333337
7192282,0.03846156804736004,0.1923078402368002,0.7692305917158399
7088595,0.37882539309669777,0.3732442224005612,0.24793038450274088
7197846,0.03846156804736004,0.1923078402368002,0.7692305917158399
7120180,0.21999994084396562,0.4164309067293381,0.3635691524266962
7144013,0.4699707473973082,0.3391037910996328,0.19092546150305897
7113436,0.4983846426264454,0.3230926618663324,0.1785226955072222
7212820,0.4517645135231045,0.3496079463357128,0.19862754014118267
7233632,0.33333333333333337,0.33333333333333337,0.33333333333333337
7221200,0.06421195967901643,0.12139655548528937,0.8143914848356942
7193850,0.5105320936957572,0.32004514115458726,0.16942276514965549
7092400,0.06293265433995221,0.11598754879690289,0.821079796863145
7128092,0.5653348985188557,0.2819448906860566,0.15272021079508769
7217251,0.2786930116231867,0.39300362335105965,0.32830336502575375
7088785,0.5244898340744675,0.3104823137833292,0.16502785214220345
7147934,0.4983846426264454,0.3230926618663324,0.1785226955072222
7221104,0.09543359589609932,0.23443553230549674,0.6701308717984039
7203206,0.03846156804736004,0.1923078402368002,0.7692305917158399
7178893,0.33333333333333337,0.33333333333333337,0.33333333333333337
7211284,0.17339188865693425,0.39024667813239644,0.4363614332106693
7125082,0.37865427960247305,0.37245618359641697,0.24888953680111
7191721,0.37882539309669777,0.3732442224005612,0.24793038450274088
7187910,0.2321223551304389,0.4092525595906711,0.35862508527888987
7163421,0.567416497915033,0.28203394520562636,0.1505495568793405
7150362,0.33333333333333337,0.33333333333333337,0.33333333333333337
7113660,0.055625276136083535,0.10033961188948624,0.8440351119744303
7205449,0.4853524880510823,0.32977704855785467,0.18487046339106297
7186820,0.5462356209214478,0.301439025012585,0.15232535406596706
7154953,0.33333333333333337,0.33333333333333337,0.33333333333333337
7089228,0.03846156804736004,0.1923078402368002,0.7692305917158399
7225949,0.1036578651240113,0.3272745739906338,0.5690675608853549
7225322,0.05518105762256934,0.1027492978400606,0.8420696445373701
7131075,0.3767037774219222,0.3709334875450816,0.2523627350329963
7145425,0.03846156804736004,0.1923078402368002,0.7692305917158399
7165451,0.10958253097303935,0.3411620473774155,0.5492554216495452
7191035,0.5736550212467694,0.27917888201413277,0.14716609673909778
7197044,0.2735088848519875,0.39612354617807033,0.33036756896994207
7127025,0.5187821098162442,0.31194834611385897,0.16926954406989675
7109816,0.35662869666256436,0.37301049026867394,0.27036081306876164
7088438,0.5514725443022874,0.29867342860627444,0.14985402709143805
7134934,0.18701242455807626,0.4073241631917574,0.4056634122501665
7217599,0.09989884627395916,0.3201733703755701,0.5799277833504708
7090031,0.5424535126782964,0.3055716581988404,0.1519748291228632
7122850,0.5492289234803218,0.3001648187202265,0.15060625779945178
7165350,0.19761506145313845,0.40729725484733226,0.3950876836995292
7169085,0.49164320485615987,0.32631644958152084,0.18204034556231924
7201913,0.501505899867838,0.3221801374544799,0.17631396267768212
7142216,0.33333333333333337,0.33333333333333337,0.33333333333333337
7174710,0.25227060980246746,0.40890206103610566,0.338827329161427
7201682,0.0530451484453079,0.10203029438399375,0.8449245571706983
7129030,0.5632346772990868,0.28032512193240444,0.15644020076850879
7136708,0.557219462693857,0.296884147358483,0.14589638994765997
7178419,0.33333333333333337,0.33333333333333337,0.33333333333333337
7227605,0.37401184685717936,0.3828052803903825,0.24318287275243805
7191193,0.4126855818950397,0.3681807598031506,0.21913365830180967
7144258,0.5231053180965523,0.31166866972409546,0.16522601217935223
7095466,0.25170969464468823,0.40949254261605655,0.33879776273925527
7148072,0.5424535126782964,0.3055716581988404,0.1519748291228632
7097228,0.4046458518664882,0.37348695438384444,0.22186719374966735
7109367,0.5187821098162442,0.31194834611385897,0.16926954406989675
7202684,0.45630760455185126,0.348290837402406,0.19540155804574275
7220631,0.33333333333333337,0.33333333333333337,0.33333333333333337
7110146,0.03846156804736004,0.1923078402368002,0.7692305917158399
7098241,0.27385496699708967,0.39615064127315547,0.329994391729755
7200112,0.5025173511797671,0.32119753307137494,0.17628511574885794
7187754,0.03846156804736004,0.1923078402368002,0.7692305917158399
7218993,0.33333333333333337,0.33333333333333337,0.33333333333333337
7192779,0.33333333333333337,0.33333333333333337,0.33333333333333337
7138028,0.438490697567494,0.35581299832557584,0.20569630410693018
7178878,0.37217819196116225,0.36665684535239407,0.26116496268644357
7099172,0.4971280500966422,0.3242349865114276,0.17863696339193022
7167686,0.4699707473973082,0.3391037910996328,0.19092546150305897
7135844,0.03846156804736004,0.1923078402368002,0.7692305917158399
7172768,0.25170969464468823,0.40949254261605655,0.33879776273925527
7104478,0.03846156804736004,0.1923078402368002,0.7692305917158399
7132515,0.33333333333333337,0.33333333333333337,0.33333333333333337
7132970,0.5231053180965523,0.31166866972409546,0.16522601217935223
7184801,0.19761506145313845,0.40729725484733226,0.3950876836995292
7132435,0.06293265433995221,0.11598754879690289,0.821079796863145
7208908,0.2109633905936742,0.40896493740502793,0.38007167200129793
7135878,0.33333333333333337,0.33333333333333337,0.33333333333333337
7228219,0.1715666552694857,0.3904820144395633,0.437951330290951
7111077,0.4479295582963433,0.35161630620191753,0.20045413550173924
7162784,0.05408987991183567,0.10950205894429013,0.8364080611438742
7199026,0.10958253097303935,0.3411620473774155,0.5492554216495452
7105189,0.45630760455185126,0.348290837402406,0.19540155804574275
7112371,0.37217819196116225,0.36665684535239407,0.26116496268644357
7116660,0.21821706472332525,0.40988365217554534,0.37189928310112946
7216129,0.11166846771411391,0.3417016316695154,0.5466299006163707
7162793,0.12776347938243807,0.3601255489205786,0.5121109716969834
7170553,0.39029905298931494,0.37967091941501513,0.23003002759566998
7139650,0.5266119452989455,0.3098215669010263,0.16356648780002808
7178393,0.38363504096723633,0.3734860301674935,0.24287892886527027
7152151,0.18048905200029328,0.39502490099428855,0.42448604700541814
7133679,0.5426077468221066,0.30507873771158167,0.15231351546631175
7127494,0.5244898340744675,0.3104823137833292,0.16502785214220345
7180433,0.43383240327064077,0.3594809821144919,0.20668661461486737
7171191,0.39029905298931494,0.37967091941501513,0.23003002759566998
7161656,0.055171672797424534,0.10121667839752747,0.8436116488050479
7226877,0.5607936704744518,0.29413227230999106,0.1450740572155571
7090292,0.5336249984928458,0.3090520829134399,0.15732291859371433
7094544,0.5321340262265384,0.31081058613248885,0.15705538764097265
7094910,0.0893831643588965,0.19803245969948047,0.7125843759416232
7121351,0.5244898340744675,0.3104823137833292,0.16502785214220345
7179855,0.0893831643588965,0.19803245969948047,0.7125843759416232
7195199,0.03846156804736004,0.1923078402368002,0.7692305917158399
7102722,0.5514725443022874,0.29867342860627444,0.14985402709143805
7227118,0.5475698641794475,0.29887624984700895,0.15355388597354358
7129556,0.1279438404990249,0.3601067147589565,0.5119494447420185
7098600,0.2515959176630418,0.4101577732434218,0.3382463090935365
7194252,0.1279438404990249,0.3601067147589565,0.5119494447420185
7214562,0.25170969464468823,0.40949254261605655,0.33879776273925527
7180208,0.45630760455185126,0.348290837402406,0.19540155804574275
7103373,0.4983846426264454,0.3230926618663324,0.1785226955072222
7095100,0.438490697567494,0.35581299832557584,0.20569630410693018
7218881,0.1279438404990249,0.3601067147589565,0.5119494447420185
7146922,0.03846156804736004,0.1923078402368002,0.7692305917158399
7219365,0.503081684326862,0.32112703902203255,0.17579127665110544
7125512,0.33333333333333337,0.33333333333333337,0.33333333333333337
7164149,0.5036934622539181,0.32057694858067254,0.17572958916540934
7160514,0.18048905200029328,0.39502490099428855,0.42448604700541814
7179227,0.5105320936957572,0.32004514115458726,0.16942276514965549
7203874,0.05880402449127177,0.1097905833959781,0.8314053921127501
7223482,0.33333333333333337,0.33333333333333337,0.33333333333333337
7141700,0.05583054655359032,0.10198709938681365,0.8421823540595961
7133658,0.33333333333333337,0.33333333333333337,0.33333333333333337
7096062,0.5025173511797671,0.32119753307137494,0.17628511574885794
7154891,0.2515959176630418,0.4101577732434218,0.3382463090935365
7090131,0.4093096105252489,0.3711372432251502,0.21955314624960093
7209280,0.2515959176630418,0.4101577732434218,0.3382463090935365
7229630,0.5480774416931282,0.30002986214092986,0.1518926961659419
7229150,0.39029905298931494,0.37967091941501513,0.23003002759566998
7160090,0.4699707473973082,0.3391037910996328,0.19092546150305897
7114787,0.5187821098162442,0.31194834611385897,0.16926954406989675
7225088,0.2318239628520422,0.41035554655853307,0.3578204905894247
7120832,0.39727607120507097,0.37590435256745675,0.22681957622747226
7199355,0.42151117703024743,0.3639349776516456,0.2145538453181069
7203330,0.5187821098162442,0.31194834611385897,0.16926954406989675
7217357,0.4699707473973082,0.3391037910996328,0.19092546150305897
7136308,0.559170142679406,0.28261776639618325,0.15821209092441083
7212079,0.557219462693857,0.296884147358483,0.14589638994765997
7104717,0.438490697567494,0.35581299832557584,0.20569630410693018
7106879,0.11849387995489383,0.34818137360724116,0.5333247464378649
7195303,0.03846156804736004,0.1923078402368002,0.7692305917158399
7220712,0.0636061420340773,0.11938463319848937,0.8170092247674333
7096812,0.03846156804736004,0.1923078402368002,0.7692305917158399
7110082,0.14649263846722754,0.3756246587467851,0.4778827027859874
7180576,0.5187821098162442,0.31194834611385897,0.16926954406989675
7190760,0.03846156804736004,0.1923078402368002,0.7692305917158399
7178295,0.503160175921359,0.3209892953160445,0.17585052876259658
7165287,0.2318239628520422,0.41035554655853307,0.3578204905894247
7113464,0.05668488849617058,0.10269858264452911,0.8406165288593003
7168542,0.5283484240045949,0.3099917381895714,0.1616598378058337
7116366,0.5475698641794475,0.29887624984700895,0.15355388597354358
7210370,0.33333333333333337,0.33333333333333337,0.33333333333333337
7111503,0.09965988751903197,0.29964150424274427,0.6006986082382239
7171005,0.03846156804736004,0.1923078402368002,0.7692305917158399
7146803,0.05371075118100331,0.10569370533248994,0.8405955434865068
7134470,0.4699707473973082,0.3391037910996328,0.19092546150305897
7089679,0.33333333333333337,0.33333333333333337,0.33333333333333337
7190748,0.05408987991183567,0.10950205894429013,0.8364080611438742
7175774,0.5492289234803218,0.3001648187202265,0.15060625779945178
7209451,0.2318239628520422,0.41035554655853307,0.3578204905894247
7127644,0.5371434862448049,0.3075675858518349,0.1552889279033602
7110002,0.15213621642896438,0.38207955938510896,0.46578422418592663
7197480,0.09989884627395916,0.3201733703755701,0.5799277833504708
7178275,0.37905537682372814,0.3726096594688163,0.2483349637074555
7104738,0.37217819196116225,0.36665684535239407,0.26116496268644357
7140332,0.39988683680758635,0.37522559076018397,0.22488757243222965
7102742,0.33333333333333337,0.33333333333333337,0.33333333333333337
7172510,0.2515959176630418,0.4101577732434218,0.3382463090935365
7099863,0.37401184685717936,0.3828052803903825,0.24318287275243805
7198333,0.4971280500966422,0.3242349865114276,0.17863696339193022
7121390,0.37401184685717936,0.3828052803903825,0.24318287275243805
7119179,0.03846156804736004,0.1923078402368002,0.7692305917158399
7206743,0.5249497881880606,0.3109966428033261,0.16405356900861315
7211153,0.1976066976203813,0.408044924219277,0.3943483781603415
7223339,0.10958253097303935,0.3411620473774155,0.5492554216495452
7231847,0.03846156804736004,0.1923078402368002,0.7692305917158399
7104092,0.33333333333333337,0.33333333333333337,0.33333333333333337
7144358,0.5105320936957572,0.32004514115458726,0.16942276514965549
7221788,0.33333333333333337,0.33333333333333337,0.33333333333333337
7156138,0.567416497915033,0.28203394520562636,0.1505495568793405
7087715,0.5648815145323696,0.2827352545974689,0.15238323087016148
7229617,0.05880402449127177,0.1097905833959781,0.8314053921127501
7195020,0.2318239628520422,0.41035554655853307,0.3578204905894247
7152018,0.5386637877181283,0.30703201666418495,0.15430419561768666
7206146,0.5231053180965523,0.31166866972409546,0.16522601217935223
7158998,0.05520275526722563,0.10226188172827734,0.842535363004497
7127186,0.2515959176630418,0.4101577732434218,0.3382463090935365
7161645,0.3767037774219222,0.3709334875450816,0.2523627350329963
7118678,0.03846156804736004,0.1923078402368002,0.7692305917158399
7216750,0.3836387923882046,0.38577206620662036,0.23058914140517503
7226377,0.37882539309669777,0.3732442224005612,0.24793038450274088
7123519,0.4292314313206161,0.36151075068791194,0.20925781799147197
7183528,0.10144067766085879,0.32039551819664636,0.5781638041424949
7177622,0.5231053180965523,0.31166866972409546,0.16522601217935223
7193056,0.03846156804736004,0.1923078402368002,0.7692305917158399
7159643,0.37217819196116225,0.36665684535239407,0.26116496268644357
7175947,0.2318239628520422,0.41035554655853307,0.3578204905894247
7108686,0.03846156804736004,0.1923078402368002,0.7692305917158399
7157712,0.33333333333333337,0.33333333333333337,0.33333333333333337
7123905,0.44489287389614024,0.35283378663580794,0.20227333946805182
7122986,0.03846156804736004,0.1923078402368002,0.7692305917158399
7145497,0.37217819196116225,0.36665684535239407,0.26116496268644357
7152187,0.33333333333333337,0.33333333333333337,0.33333333333333337
7095077,0.2786930116231867,0.39300362335105965,0.32830336502575375
7144737,0.3767037774219222,0.3709334875450816,0.2523627350329963
7195313,0.5227840093491191,0.3102528258160003,0.16696316483488075
7141154,0.03846156804736004,0.1923078402368002,0.7692305917158399
7099606,0.03846156804736004,0.1923078402368002,0.7692305917158399
7114252,0.10342218233875883,0.34117606963669017,0.555401748024551
7232999,0.5607936704744518,0.29413227230999106,0.1450740572155571
7172413,0.5105320936957572,0.32004514115458726,0.16942276514965549
7103463,0.4971280500966422,0.3242349865114276,0.17863696339193022
7145197,0.2318239628520422,0.41035554655853307,0.3578204905894247
7099538,0.37217819196116225,0.36665684535239407,0.26116496268644357
7228324,0.5231053180965523,0.31166866972409546,0.16522601217935223
7217438,0.398993197682538,0.3751471719854162,0.22585963033204592
7208442,0.4853524880510823,0.32977704855785467,0.18487046339106297
7230789,0.3836387923882046,0.38577206620662036,0.23058914140517503
7203070,0.08789670630290591,0.19608946534330668,0.7160138283537874
7212587,0.05522560920581892,0.10207365603909807,0.842700734755083
7185186,0.37217819196116225,0.36665684535239407,0.26116496268644357
7089006,0.4983846426264454,0.3230926618663324,0.1785226955072222
7211416,0.06293265433995221,0.11598754879690289,0.821079796863145
7174497,0.21821706472332525,0.40988365217554534,0.37189928310112946
7114254,0.03846156804736004,0.1923078402368002,0.7692305917158399
7170820,0.5244898340744675,0.3104823137833292,0.16502785214220345
7229280,0.33333333333333337,0.33333333333333337,0.33333333333333337
7206733,0.19763618667971708,0.4079860151114743,0.39437779820880864
7156647,0.08619687895874395,0.1765965961746702,0.7372065248665858
7106398,0.5563852240524794,0.28415450827216776,0.15946026767535296
7229029,0.0893831643588965,0.19803245969948047,0.7125843759416232
7107601,0.03846156804736004,0.1923078402368002,0.7692305917158399
7147427,0.03846156804736004,0.1923078402368002,0.7692305917158399
7220582,0.03846156804736004,0.1923078402368002,0.7692305917158399
7160290,0.03846156804736004,0.1923078402368002,0.7692305917158399
7219225,0.5382236633813502,0.307118907121406,0.1546574294972438
7127597,0.4699707473973082,0.3391037910996328,0.19092546150305897
7192604,0.08279204435193883,0.17304368779998774,0.7441642678480734
7110780,0.06293265433995221,0.11598754879690289,0.821079796863145
7149315,0.4126855818950397,0.3681807598031506,0.21913365830180967
7210725,0.3836387923882046,0.38577206620662036,0.23058914140517503
7104739,0.03846156804736004,0.1923078402368002,0.7692305917158399
7118673,0.08030063783596049,0.16355094298027295,0.7561484191837666
7129064,0.18636174331499394,0.4081256874677549,0.4055125692172513
7154789,0.37902554773944247,0.37361137380682863,0.24736307845372899
7216183,0.4126855818950397,0.3681807598031506,0.21913365830180967
7161555,0.33333333333333337,0.33333333333333337,0.33333333333333337
7127008,0.2733514837001202,0.39532857267542015,0.3313199436244596
7193138,0.10144067766085879,0.32039551819664636,0.5781638041424949
7147776,0.33333333333333337,0.33333333333333337,0.33333333333333337
7181449,0.567416497915033,0.28203394520562636,0.1505495568793405
7134123,0.5306171709789501,0.3110693145551009,0.15831351446594893
7122841,0.4126855818950397,0.3681807598031506,0.21913365830180967
7090109,0.39727607120507097,0.37590435256745675,0.22681957622747226
7132724,0.09993763282059671,0.29707865022665714,0.6029837169527461
7192304,0.33333333333333337,0.33333333333333337,0.33333333333333337
7144212,0.3767037774219222,0.3709334875450816,0.2523627350329963
7219004,0.21821706472332525,0.40988365217554534,0.37189928310112946
7229072,0.15957920998864794,0.38032636797458275,0.46009442203676937
7198453,0.2391150290101702,0.41068618266576845,0.3501987883240613
7179032,0.4983846426264454,0.3230926618663324,0.1785226955072222
7091560,0.5244898340744675,0.3104823137833292,0.16502785214220345
7151408,0.5218413122142347,0.3104454407507714,0.1677132470349939
7222127,0.2789382514908743,0.39171503645509914,0.3293467120540266
7181938,0.2513679473023815,0.4114123529020426,0.337219699795576
7203282,0.2318239628520422,0.41035554655853307,0.3578204905894247
7151271,0.09543359589609932,0.23443553230549674,0.6701308717984039
7105294,0.12776347938243807,0.3601255489205786,0.5121109716969834
7222241,0.4971280500966422,0.3242349865114276,0.17863696339193022
7178343,0.5531493019331384,0.2863201206322097,0.16053057743465182
7101131,0.03846156804736004,0.1923078402368002,0.7692305917158399
7136001,0.4046458518664882,0.37348695438384444,0.22186719374966735
7198536,0.25609566080117907,0.40996829868212087,0.3339360405167
7192261,0.05583054655359032,0.10198709938681365,0.8421823540595961
7210855,0.056505273817627405,0.10410347898808407,0.8393912471942886
7120943,0.10958253097303935,0.3411620473774155,0.5492554216495452
7139557,0.14649263846722754,0.3756246587467851,0.4778827027859874
7135513,0.33333333333333337,0.33333333333333337,0.33333333333333337
7132111,0.5187821098162442,0.31194834611385897,0.16926954406989675
7156058,0.2515959176630418,0.4101577732434218,0.3382463090935365
7130328,0.4292314313206161,0.36151075068791194,0.20925781799147197
7125324,0.4292314313206161,0.36151075068791194,0.20925781799147197
7189253,0.2318239628520422,0.41035554655853307,0.3578204905894247
7231554,0.33333333333333337,0.33333333333333337,0.33333333333333337
7201827,0.5244898340744675,0.3104823137833292,0.16502785214220345
7216250,0.33333333333333337,0.33333333333333337,0.33333333333333337
7172380,0.4983846426264454,0.3230926618663324,0.1785226955072222
7213509,0.19892237414088262,0.4095322184385123,0.39154540742060506
7133189,0.557219462693857,0.296884147358483,0.14589638994765997
7213251,0.5014540815854941,0.32223564361072254,0.17631027480378347
7169635,0.5649769034477118,0.2817483008648823,0.153274795687406
7201634,0.14649263846722754,0.3756246587467851,0.4778827027859874
7233271,0.33333333333333337,0.33333333333333337,0.33333333333333337
7185019,0.25609566080117907,0.40996829868212087,0.3339360405167
7158301,0.4983846426264454,0.3230926618663324,0.1785226955072222
7198266,0.07043366770275729,0.13067291683222648,0.7988934154650164
7181181,0.5014851672902014,0.32216501291391825,0.17634981979588024
7097857,0.5492289234803218,0.3001648187202265,0.15060625779945178
7231585,0.5652460442925099,0.2816078161308282,0.153146139576662
7187727,0.0893831643588965,0.19803245969948047,0.7125843759416232
7216246,0.42547438254300185,0.3623196707423105,0.21220594671468762
7210571,0.5187821098162442,0.31194834611385897,0.16926954406989675
7154633,0.05520275526722563,0.10226188172827734,0.842535363004497
7204479,0.5531493019331384,0.2863201206322097,0.16053057743465182
7095624,0.05510772240464262,0.11083137679999013,0.8340609007953673
7163111,0.4046458518664882,0.37348695438384444,0.22186719374966735
7103934,0.03846156804736004,0.1923078402368002,0.7692305917158399
7151488,0.33333333333333337,0.33333333333333337,0.33333333333333337
7095598,0.5424535126782964,0.3055716581988404,0.1519748291228632
7188211,0.33333333333333337,0.33333333333333337,0.33333333333333337
7147523,0.18721583505228148,0.40714654645185777,0.40563761849586066
7115060,0.5105320936957572,0.32004514115458726,0.16942276514965549
7177943,0.37217819196116225,0.36665684535239407,0.26116496268644357
7145916,0.2515517973451067,0.40942005461782216,0.33902814803707104
7169389,0.1715666552694857,0.3904820144395633,0.437951330290951
7122387,0.34947936384790385,0.3752116437950796,0.27530899235701656
7132579,0.5424535126782964,0.3055716581988404,0.1519748291228632
7142404,0.5697814218455493,0.2763740257916178,0.1538445523628329
7168555,0.4126855818950397,0.3681807598031506,0.21913365830180967
7232667,0.21821706472332525,0.40988365217554534,0.37189928310112946
7149868,0.5187821098162442,0.31194834611385897,0.16926954406989675
7131830,0.33333333333333337,0.33333333333333337,0.33333333333333337
7116209,0.03846156804736004,0.1923078402368002,0.7692305917158399
7179425,0.557219462693857,0.296884147358483,0.14589638994765997
7157622,0.03846156804736004,0.1923078402368002,0.7692305917158399
7200040,0.49164320485615987,0.32631644958152084,0.18204034556231924
7130896,0.0974325951725538,0.2801660576881757,0.6224013471392705
7194262,0.12711952262558082,0.36591515741653863,0.5069653199578805
7171651,0.03846156804736004,0.1923078402368002,0.7692305917158399
7178628,0.23292314980207265,0.4091350571324675,0.3579417930654598
7134238,0.33333333333333337,0.33333333333333337,0.33333333333333337
7159209,0.4699707473973082,0.3391037910996328,0.19092546150305897
7220299,0.18873231594163348,0.40638342796846655,0.4048842560898998
7088214,0.438490697567494,0.35581299832557584,0.20569630410693018
7147474,0.4699707473973082,0.3391037910996328,0.19092546150305897
7215444,0.3767037774219222,0.3709334875450816,0.2523627350329963
7093825,0.5632346772990868,0.28032512193240444,0.15644020076850879
7194076,0.5475698641794475,0.29887624984700895,0.15355388597354358
7219940,0.03846156804736004,0.1923078402368002,0.7692305917158399
7146268,0.03846156804736004,0.1923078402368002,0.7692305917158399
7109742,0.093464014262791,0.21300685552269277,0.6935291302145162
7088357,0.5595082491818779,0.2952007259835206,0.1452910248346015
7117356,0.19761506145313845,0.40729725484733226,0.3950876836995292
7205897,0.5227840093491191,0.3102528258160003,0.16696316483488075
7206011,0.5336249984928458,0.3090520829134399,0.15732291859371433
7133655,0.09989884627395916,0.3201733703755701,0.5799277833504708
7148862,0.33333333333333337,0.33333333333333337,0.33333333333333337
7215674,0.5441330292999933,0.3034094274692758,0.1524575432307309
7218936,0.48931027890530815,0.32758949978519136,0.1831002213095004
7151557,0.5231053180965523,0.31166866972409546,0.16522601217935223
7189526,0.5467210829604928,0.3027115033299569,0.15056741370955012
